token_count,type_token_ratio,mean_token_length,median_token_length,token_entropy,normalized_token_entropy,zipf_slope,prefix_entropy,core_entropy,suffix_entropy,H_suffix_given_core,H_core_given_prefix,MI_core_suffix,suffix_from_core_top1,suffix_from_core_top3,top_token_family_concentration,pcs_valid_count,line_initial_concentration_score,line_final_concentration_score,bigram_entropy,line_internal_shuffled_bigram_entropy,ordering_contribution,same_core_clustering_ratio,same_prefix_core_clustering_ratio,folio_id,section_label,folio_order_n
206,0.7621359223300971,4.669902912621359,4.5,7.053270080708101,0.9669138840123802,-0.3678475660292323,4.19401049258266,5.259367828240928,2.383093803684373,0.5905488967520887,2.2583478884007415,1.7925449069322836,0.8375,0.98125,0.038834951456310676,160,0.0076465056666746856,-4.440892098500626e-16,7.47573343096637,7.4701154534382805,-0.005617977528089568,0.9230904096779848,0.8231207556006559,f1r,unknown,10
88,0.7727272727272727,4.386363636363637,4.0,5.915405448399493,0.9717357793652658,-0.36877065793473596,3.87549055288429,4.515030260534237,2.0746464947097945,0.37004910253434875,1.4928286090822867,1.7045973921754458,0.873015873015873,1.0,0.056818181818181816,63,0.0,0.0,6.285402218862257,6.27873555219559,-0.006666666666666821,1.013143483023001,0.6388012618296529,f1v,herbal,11
100,0.8,4.56,4.0,6.193660689688198,0.9797107143146888,-0.3268186575213615,3.841159566512232,4.924803605723639,2.1304952555644836,0.19131163209468532,1.8132179977250267,1.9391836234697983,0.9305555555555556,1.0,0.04,72,2.220446049250313e-16,0.016272603740587366,6.385861524373001,6.404685053784765,0.018823529411763573,0.8481262327416174,1.146797482413921,f2r,herbal,20
59,0.7627118644067796,4.762711864406779,4.0,5.224525737102338,0.9513229224201213,-0.3761232669807214,2.691787073240874,4.243134106881672,2.5136128950004144,0.3630061290583784,2.023208436901006,2.1506067659420354,0.8431372549019608,1.0,0.0847457627118644,51,0.0,0.06937177558342222,5.63320965569699,5.652521464519672,0.019311808822681797,1.0821643286573146,0.8601877696016238,f2v,herbal,21
111,0.7927927927927928,5.045045045045045,5.0,6.25463075859432,0.9682942908704122,-0.33137868574312607,3.54516248105797,5.007755530966281,2.5820271308920875,0.7189997212238902,2.0646732618832053,1.8630274096681965,0.7448979591836735,0.9897959183673469,0.06306306306306306,98,0.006120494870484938,0.006120494870484938,6.507794640198703,6.503399035803097,-0.004395604395605268,0.8882033336402984,0.9777925091150148,f3r,herbal,30
79,0.9113924050632911,4.7974683544303796,5.0,6.097898944297479,0.988326266992225,-0.17482904512007408,3.713433951896375,4.611093253086999,2.545920281355772,0.7827757576801636,1.680435058870786,1.7631445236756096,0.7142857142857143,0.9682539682539683,0.0379746835443038,63,-4.440892098500626e-16,0.009712883245855286,6.022367813028458,6.022367813028458,0.0,0.812870448772227,0.4845814977973568,f3v,herbal,31
63,0.746031746031746,5.095238095238095,5.0,5.3485554715247305,0.9629075372355095,-0.4092850591650083,3.57503829900949,4.270394917843075,2.011736695591645,0.43650191661738313,1.3059897841029864,1.5752347789742616,0.8571428571428571,0.9821428571428571,0.07936507936507936,56,0.010702744148229915,-2.220446049250313e-16,5.603856189774728,5.627056189774728,0.02320000000000011,0.9069400630914827,0.8721168281697832,f4r,herbal,40
80,0.8625,5.1375,5.0,5.9768075889568975,0.9784372038201279,-0.24681856652639478,3.416925128573493,5.2189001381512945,2.46454098951841,0.3749898982743075,2.379863458576749,2.0895510912441027,0.855072463768116,1.0,0.0625,69,0.009712883245855286,0.009712883245855286,6.044394119358462,6.04196987693422,-0.0024242424242419958,0.9431240033411801,0.7524184879971336,f4v,herbal,41
53,0.8301886792452831,4.962264150943396,5.0,5.374054652635584,0.9843615650921874,-0.2880019603376962,3.362911901510459,4.544537752260991,1.7506057405641031,0.12465867720970691,1.801054805882249,1.625947063354396,0.9555555555555556,1.0,0.05660377358490566,45,0.0,0.02449624099389136,5.5235619560570095,5.522692390839618,-0.0008695652173917878,0.9027121845904736,0.8522261677137394,f5r,herbal,50
43,0.7674418604651163,5.255813953488372,5.0,4.815458649899995,0.9546158638596671,-0.3906052133177898,3.1209059485996735,3.9385078712672543,2.513424936329008,0.3966990855241563,1.4288554345851485,2.1167258508048516,0.8536585365853658,1.0,0.13953488372093023,41,0.0,0.0,5.209453365628954,5.204047960223549,-0.005405405405404906,1.0192837465564741,1.1344537815126052,f5v,herbal,51
80,0.8,4.725,5.0,5.868619813556228,0.9781033022593714,-0.3324991414732859,4.006184200727339,4.2716192949868494,2.668392030208499,0.6909005080554456,1.4016523841607107,1.9774915221530527,0.7741935483870968,1.0,0.05,62,0.023312536289672003,0.009712883245855286,6.044394119358462,6.038333513297857,-0.006060606060604989,1.057324840764331,1.2596525096525095,f6r,herbal,60
104,0.8269230769230769,4.701923076923077,4.5,6.286790198827118,0.9782961702950496,-0.29309944808945076,3.851988903570672,4.827205162522415,2.5994536107016653,0.6118031306111267,1.7878752264671705,1.9876504800905386,0.7831325301204819,0.9879518072289156,0.057692307692307696,83,2.220446049250313e-16,0.015185372484141757,6.375039431346932,6.372147865081872,-0.0028915662650597085,0.881178999078907,0.9604628736740597,f6v,herbal,61
64,0.90625,5.359375,5.0,5.8125,0.9922360630453733,-0.18200419706474366,3.635542998596401,4.887536271296349,2.2868929427718476,0.40677286594277823,1.8795180136066674,1.8801200768290685,0.85,0.9833333333333333,0.03125,60,0.0,0.0,5.7548875021634665,5.753406020681984,-0.0014814814814823052,0.8173804647849701,0.8948930188973918,f7r,herbal,70
73,0.7671232876712328,4.835616438356165,5.0,5.590174729964719,0.9626025626110801,-0.3807982567172274,3.7758500680779483,4.691444502807532,2.508949374500607,0.4428916103869191,1.4159564719268793,2.0660577641136872,0.8518518518518519,1.0,0.0821917808219178,54,0.0,0.017432406926636612,6.0,5.99,-0.009999999999999787,0.9653155035520269,0.6791569086651053,f7v,herbal,71
147,0.782312925170068,4.605442176870748,4.0,6.686855487793812,0.9768264124306661,-0.3466303042743047,3.822976017408977,5.24163561949299,2.6998399375588797,0.38712832089505583,2.215402114508913,2.3127116166638255,0.8715596330275229,0.9908256880733946,0.034013605442176874,109,2.220446049250313e-16,0.01084912136451599,6.96140690762691,6.976010082230085,0.014603174603174729,0.8300461136729821,0.7118135671435164,f8r,herbal,80
117,0.7435897435897436,4.752136752136752,5.0,6.187678369319057,0.960380666585988,-0.39966002350515645,3.5099806950523558,4.617422200799822,2.2176761368107263,0.4842714574635367,1.9521646187748347,1.7334046793471896,0.8333333333333334,1.0,0.06837606837606838,96,-2.220446049250313e-16,0.014006502272356003,6.596307314753105,6.626452279773009,0.030144965019903935,0.8712744193509567,0.8953532300717795,f8v,herbal,81
81,0.8888888888888888,4.802469135802469,5.0,6.092936422637701,0.9875219587293825,-0.2118849053179637,3.9775494980413963,4.71220658627322,2.4553690789348224,0.3573020081671324,1.6837722972109468,2.0980670707676903,0.8656716417910447,1.0,0.04938271604938271,67,0.0,0.0,6.149747119504677,6.149183739222987,-0.0005633802816902289,1.104867034621174,1.0881281864530226,f9r,herbal,90
84,0.7619047619047619,4.595238095238095,5.0,5.7742680541966935,0.9623780090327823,-0.3830047653131334,4.031265456962339,4.191698195497317,2.3928982403786483,0.41716458470653306,1.1887896933572264,1.9757336556721141,0.8636363636363636,1.0,0.08333333333333333,66,0.0,0.011890908425879476,6.142147223664539,6.163258334775651,0.021111111111111747,1.0399734616022558,1.1084214549624154,f9v,herbal,91
90,0.7777777777777778,4.722222222222222,4.0,5.946081813232293,0.9701105001667899,-0.3634911695797029,3.7003543424561762,4.608633417318189,2.321903061899406,0.42216598548990514,1.703630104014974,1.8997370764095012,0.8428571428571429,1.0,0.05555555555555555,70,0.0,0.0,6.285402218862257,6.280274013734051,-0.005128205128205998,1.2332972192127123,0.9807031456515994,f10r,herbal,100
57,0.7192982456140351,4.649122807017544,5.0,5.0695606281239165,0.9462457151613414,-0.4391912384525636,3.158039381913708,4.0608267612196665,2.0077637987979977,0.2657268229617389,1.4609954526282758,1.7420369758362588,0.875,1.0,0.14035087719298245,48,0.0,0.0,5.643856189774728,5.623554234773862,-0.020301955000865846,0.8831136839512255,1.0632621951219512,f10v,herbal,101
49,0.7551020408163265,4.795918367346939,5.0,4.927944855249836,0.9459619866766719,-0.3960571691056848,3.7229855278666606,3.9218978810372245,1.847992163004206,0.2272727272727273,0.9261850804432907,1.6207194357314791,0.8863636363636364,1.0,0.14285714285714285,44,0.0,0.27516590849424005,5.3923174227787625,5.37898408944543,-0.013333333333332753,0.898082744702321,0.8309603934765727,f11r,herbal,110
48,0.8958333333333334,4.3125,4.0,5.33496250072116,0.983174014150006,-0.20335285010300277,3.544880681317119,4.369707376737533,1.9739907092841498,0.2504443183784972,1.378301316829213,1.723546390905653,0.9090909090909091,1.0,0.08333333333333333,33,0.0,0.0,5.357552004618081,5.35755200461808,-8.881784197001252e-16,1.1418685121107266,0.5268935236004391,f11v,herbal,111
69,0.8260869565217391,4.826086956521739,5.0,5.738817572657484,0.9838720700581,-0.2927515733080581,4.1701758893676475,4.494671601701996,1.996209732572459,0.2925614394718651,1.1911978802965066,1.7036482931005934,0.8983050847457628,1.0,0.043478260869565216,59,0.0,0.015141338212453448,5.882643049361836,5.881965083260142,-0.0006779661016942384,1.032661325820935,0.868752919196637,f13r,herbal,130
61,0.8688524590163934,4.508196721311475,5.0,5.610904960442769,0.9795710336676886,-0.24134903658216483,3.8030458959869913,4.450880277615356,2.3363254268652676,0.3990401596204993,1.2513349768751787,1.9372852672447682,0.8723404255319149,0.9787234042553191,0.06557377049180328,47,0.0,0.0,5.6724253419715005,5.66928808706954,-0.0031372549019605955,0.832503201935392,0.9291166848418756,f13v,herbal,131
74,0.8513513513513513,4.648648648648648,5.0,5.858102014277603,0.9800615144768842,-0.2668853414302443,3.88788738034979,4.867824354769851,2.5568818716552,0.40677966101694923,1.6090796096533466,2.150102210638251,0.847457627118644,0.9830508474576272,0.05405405405405406,59,-2.220446049250313e-16,-2.220446049250313e-16,5.930737337562883,5.929425862153048,-0.0013114754098353387,1.1021532809470354,0.540045766590389,f14r,herbal,140
70,0.7714285714285715,4.6,5.0,5.484122167534538,0.9529503687905039,-0.35982508453981876,3.8297945880295927,4.65168305940346,1.862402399284703,0.0812099892171822,1.3004447842477231,1.78119241006752,0.9803921568627451,1.0,0.1,51,0.0,0.0,5.897950452316981,5.915407866250698,0.017457413933716914,0.996262219666475,1.2457684495599186,f14v,herbal,141
90,0.7777777777777778,4.677777777777778,4.0,5.9588067802070315,0.972186594049151,-0.3557418408478899,3.9613508637575716,4.640637318877526,2.096450676524845,0.2393233707532942,1.424357607789767,1.857127305771551,0.927536231884058,1.0,0.05555555555555555,69,2.220446049250313e-16,2.220446049250313e-16,6.228818690495891,6.20921608382807,-0.019602606667820766,0.7867240319606639,0.8455061007045886,f15r,herbal,150
66,0.696969696969697,4.484848484848484,4.0,5.2639429829292625,0.9529979069315846,-0.4711084532744647,3.4642023740277454,3.975771910344423,2.060145579679154,0.29892377446738294,1.0078449101226994,1.76122180521177,0.8627450980392157,1.0,0.09090909090909091,51,0.0,0.011890908425879476,5.7548875021634665,5.7276616595692715,-0.027225842594194916,1.2193909260410192,1.14450441609421,f15v,herbal,151
82,0.8414634146341463,4.548780487804878,4.5,6.012860998441373,0.9843393508508187,-0.2760986685546978,4.596572124689866,4.734119002158114,2.208405233856597,0.2526214677740502,1.0143328357529056,1.9557837660825466,0.9180327868852459,1.0,0.036585365853658534,61,-2.220446049250313e-16,-2.220446049250313e-16,6.108524456778164,6.105625906053526,-0.0028985507246375164,0.9332664325137981,0.8450060901339833,f16r,herbal,160
71,0.7887323943661971,4.830985915492958,5.0,5.677778457471906,0.9776875244711601,-0.344689470468222,3.322943393152704,4.605851127144316,2.2165696122516834,0.3800752234847192,1.7923599663662666,1.8364943887669636,0.8571428571428571,1.0,0.056338028169014086,56,0.010702744148229915,0.010702744148229915,5.85798099512757,5.850394788231017,-0.007586206896553094,0.7926657263751763,0.7017252820172529,f16v,herbal,161
76,0.9605263157894737,4.921052631578948,5.0,6.168980145022539,0.9966324709756799,-0.09494314054158984,4.155426736215926,4.906106217859218,2.663658149319355,0.6027645785878901,1.4486821554692746,2.060893570731464,0.7777777777777778,0.9682539682539683,0.02631578947368421,63,-2.220446049250313e-16,-2.220446049250313e-16,5.97727992349992,5.977279923499919,-8.881784197001252e-16,0.9535341304676856,1.0746851932262265,f17r,herbal,170
132,0.7803030303030303,4.765151515151516,5.0,6.511012513626882,0.9737548792761013,-0.3447129111405563,3.8814093863793344,4.526635765239766,2.388078419068392,0.646241532534562,1.9431304862829046,1.74183688653383,0.7884615384615384,1.0,0.05303030303030303,104,0.0,0.0,6.749835700923703,6.764514600006273,0.01467889908257014,1.033846153846154,1.1099217234227603,f17v,herbal,171
82,0.7317073170731707,4.878048780487805,5.0,5.740122852385273,0.9717672537650809,-0.40494408046834574,3.791491091058673,4.823700074594072,2.3546964661716587,0.42729903862795915,1.5675010992195701,1.9273974275436998,0.8307692307692308,1.0,0.06097560975609756,65,0.009712883245855286,0.009712883245855286,6.087462841250345,6.081580488309169,-0.00588235294117645,1.0695273431198582,1.0640189685832837,f18r,herbal,180
66,0.8787878787878788,4.424242424242424,4.5,5.771666846631189,0.9852655465136921,-0.2288475482264073,3.406828264217603,4.425979129983102,2.442812121645143,0.4052932501298081,1.7170279255571215,2.0375188715153354,0.84,1.0,0.06060606060606061,50,0.0,0.015141338212453337,5.807354922057609,5.80521206491475,-0.0021428571428590004,0.9120788824979457,0.5405033695502682,f18v,herbal,181
74,0.6486486486486487,4.554054054054054,4.5,5.270132081786697,0.9436289108666698,-0.527361394788805,3.565872002902752,4.31760631553581,1.9197600422583472,0.12315351700428144,1.1762778396119389,1.796606525254065,0.9464285714285714,1.0,0.10810810810810811,56,-2.220446049250313e-16,0.010702744148230137,5.897950452316981,5.90516356707108,0.007213114754098804,1.12673343605547,1.1581850087741288,f19r,herbal,190
74,0.7972972972972973,4.824324324324325,5.0,5.648510460165076,0.9601994227370018,-0.32822454445481714,3.6111051904751625,4.270639207038427,2.6195483218825246,0.4920360875270414,1.4339858299665473,2.1275122343554838,0.7903225806451613,1.0,0.10810810810810811,62,-4.440892098500626e-16,-4.440892098500626e-16,5.906890595608517,5.890638966441129,-0.016251629167387982,0.9016262755102039,1.0605888371035581,f19v,herbal,191
87,0.8850574712643678,5.379310344827586,5.0,6.172716196948413,0.9849890620758152,-0.21805940395596907,3.4928670403456596,5.229165382322265,2.2005427304529634,0.32113647311271976,2.277893861170422,1.8794062573402432,0.881578947368421,1.0,0.04597701149425287,76,-2.220446049250313e-16,-2.220446049250313e-16,6.2094533656289554,6.209453365628956,8.881784197001252e-16,1.1649991521112428,1.370321654908525,f20r,herbal,200
82,0.7926829268292683,4.560975609756097,4.0,5.851335236272637,0.9716004432034497,-0.34429582192893343,3.559395311756957,4.470647611729434,2.0238197904314443,0.47927994855275813,1.6977158220351836,1.5445398418786864,0.8548387096774194,0.9838709677419355,0.04878048780487805,62,-2.220446049250313e-16,0.013340041326134977,6.149747119504677,6.1424231758427075,-0.007323943661969423,1.1194857016182667,0.9256353937872607,f20v,herbal,201
97,0.7835051546391752,5.041237113402062,5.0,6.109091806368199,0.9777789184050784,-0.33610675818224,3.8226250436351856,5.000070520364179,2.173553062525325,0.3139926934845469,1.9286594955721352,1.859560369040779,0.8875,1.0,0.05154639175257732,80,0.011890908425879476,0.0,6.409390936137707,6.403273289078883,-0.006117647058824005,1.1478941103112068,1.287266004159926,f21r,herbal,210
54,0.7592592592592593,5.148148148148148,5.0,5.143414353855063,0.9600306911480395,-0.39719974428527033,3.443543833173379,4.461310596672229,2.1882661809960817,0.17796868035319746,1.4510545927882177,2.0102975006428845,0.9361702127659575,1.0,0.1111111111111111,47,0.020430235452938983,0.020430235452938983,5.5235619560570095,5.507909782143965,-0.015652173913044187,0.8867192724354689,0.5968269957189622,f21v,herbal,211
105,0.7142857142857143,4.704761904761905,5.0,5.930260657556586,0.9520682736527805,-0.42068413793634446,4.317076622425279,4.617831190726156,2.1131488036830732,0.21919717623215967,1.1237294884882436,1.8939516274509127,0.9146341463414634,1.0,0.10476190476190476,82,0.02499356876884673,0.010702744148230137,6.523561956057027,6.5105184777961576,-0.013043478260869712,1.2435450104675507,1.008495145631068,f22r,herbal,220
74,0.8108108108108109,5.0,5.0,5.700649521650532,0.9650846633063905,-0.3129335740195338,3.9764051227330697,4.698782503754134,2.115850039410551,0.13277028534286156,1.371486158633461,1.9830797540676903,0.9523809523809523,1.0,0.0945945945945946,63,0.0,0.02745617182606319,5.85798099512757,5.855222374437915,-0.0027586206896552667,0.8713450292397661,0.8167623114907245,f22v,herbal,221
99,0.7575757575757576,4.555555555555555,5.0,6.025574423000655,0.9673703349552714,-0.3865887200517823,3.73985414049577,4.5929679455821,2.525160031338697,0.4720568451486747,1.68347253224383,2.0531031861900226,0.8382352941176471,1.0,0.06060606060606061,68,-2.220446049250313e-16,0.023385331327286485,6.459431618637305,6.456704345910033,-0.002727272727272023,0.7811411733190464,0.8081453748516116,f23r,herbal,230
89,0.797752808988764,4.46067415730337,4.0,6.008209380691834,0.9769847871688995,-0.32723806398624034,3.7271984258389175,4.831876811588909,2.6178762469926635,0.31789525717010775,1.6605556994066073,2.299980989822556,0.8709677419354839,1.0,0.056179775280898875,62,0.011890908425879476,0.0,6.266786540694905,6.261591735500099,-0.005194805194805419,0.9485491343574736,0.7856746252082176,f23v,herbal,231
102,0.803921568627451,4.303921568627451,4.0,6.226251077223195,0.9793472507500509,-0.322757314387483,3.3866053466680808,4.6142099819690925,2.814185688307443,0.8433651777093912,2.047974949089874,1.9708205105980527,0.7,0.9857142857142858,0.0392156862745098,70,0.006120494870484938,0.028954070055202896,6.357552004618087,6.354137370471745,-0.0034146341463419105,1.0108616944243298,1.139578923916676,f24r,herbal,240
81,0.9135802469135802,4.691358024691358,4.0,6.1423191386870855,0.9891883837451021,-0.17415976346472747,4.197843842812988,4.411891327438785,3.005830969902346,0.9695666764266888,1.4723260083087781,2.0362642934756567,0.6935483870967742,0.9516129032258065,0.04938271604938271,62,0.0,0.0,6.022367813028458,6.018060120720765,-0.00430769230769279,0.9959285937989351,1.4177407126611068,f24v,herbal,241
45,0.8666666666666667,5.444444444444445,5.0,5.144972196897746,0.9734305893573542,-0.24076835658558338,3.3257163090882544,4.5250705203641814,1.7608950532757257,0.1688721875540867,1.6059707739381877,1.5920228657216393,0.925,1.0,0.1111111111111111,40,0.0,0.0,5.247927513443589,5.242664355548852,-0.005263157894736636,0.5802707930367506,0.6166495375128469,f25r,herbal,250
54,0.7592592592592593,5.092592592592593,5.0,4.939077357626242,0.9218906980966071,-0.3345257138186314,3.2446249553410516,4.08800502335692,2.2471137970331228,0.14143395503556178,1.268255967543951,2.105679841997561,0.9555555555555556,1.0,0.2037037037037037,45,0.0,0.02449624099389136,5.55458885167764,5.516274341031979,-0.03831451064566149,0.8157276995305165,0.853658536585366,f25v,herbal,251
82,0.7439024390243902,5.134146341463414,5.0,5.686581882561333,0.958832192170243,-0.406994361596994,4.101912752301392,4.8215507130659185,1.6761944143991103,0.029850746268656716,1.262392109669008,1.6463436681304544,0.9850746268656716,1.0,0.07317073170731707,67,0.0,0.015141338212453448,6.14214722366454,6.156591668108985,0.014444444444444926,0.9631867359842629,0.7681189345447037,f26r,herbal,260
88,0.8409090909090909,5.068181818181818,5.0,6.092787726518095,0.9812116087775726,-0.28103075598415017,4.03785765573206,5.1378521271064415,1.6796949767793916,0.17109897254346662,1.8469715263467188,1.508596004235925,0.9315068493150684,1.0,0.045454545454545456,73,0.0,0.0,6.303780748177105,6.301249102607486,-0.0025316455696184903,0.610847814639284,0.8270158511371469,f26v,herbal,261
89,0.6741573033707865,4.134831460674158,4.0,5.5762069544386526,0.9440173072757242,-0.4919346774644121,2.9862519280439446,3.9941029646557413,2.6064923229971346,0.621484983478056,1.858127683840129,1.9850073395190782,0.8225806451612904,0.9838709677419355,0.07865168539325842,62,0.010702744148230137,0.010702744148230137,6.247927513443591,6.207986871993377,-0.039940641450214365,1.0751445086705205,1.1716287215411558,f27r,herbal,270
60,0.8666666666666667,4.6,4.0,5.627642470572459,0.9872295382166814,-0.24409779144756324,3.5566412910715814,4.386266142526534,2.2214310825777335,0.5216958736905276,1.4593863501946491,1.6997352088872053,0.8181818181818182,1.0,0.05,44,0.0,0.0,5.700439718141095,5.695055102756479,-0.005384615384616431,0.9344938158497481,0.9751098096632504,f27v,herbal,271
66,0.8333333333333334,5.181818181818182,5.0,5.650454725419066,0.9773574047296589,-0.29341956039179184,3.5585290033833257,4.621197114221366,2.2668881522378723,0.42508552671080024,1.53877007277409,1.8418026255270714,0.8518518518518519,0.9814814814814815,0.06060606060606061,54,0.0,0.0,5.832890014164737,5.825872470305087,-0.007017543859650033,0.985534676220089,0.7956240676280457,f28r,herbal,280
64,0.734375,4.703125,5.0,5.345714015923012,0.962395986213896,-0.4266175428851058,2.9787864812456397,4.284117785607543,2.0684086913915944,0.37835715462898983,1.9163781795699293,1.6900515367626057,0.8461538461538461,1.0,0.078125,52,0.0,0.0,5.744996077161019,5.7748142589792,0.029818181818180634,0.6854183590576766,0.5759007678676905,f28v,herbal,281
62,0.8709677419354839,4.82258064516129,5.0,5.671780584510632,0.9855588979590664,-0.24260923727304035,2.997159422407825,4.578808920190765,2.338325341632128,0.4609759804769988,2.135858566537653,1.8773493611551293,0.8235294117647058,1.0,0.04838709677419355,51,0.017432406926636723,0.0,5.727920454563195,5.725656303619801,-0.00226415094339405,1.1180124223602483,1.0963762528912873,f29r,herbal,290
88,0.8068181818181818,4.681818181818182,5.0,5.989158005168506,0.973886875148598,-0.32407369831365307,3.5795766339452944,4.657079817414367,2.3940091619698136,0.35484235090772154,1.9525657279928152,2.039166811062092,0.8805970149253731,1.0,0.056818181818181816,67,0.0,0.0,6.221611723969907,6.2468748818646445,0.0252631578947371,0.640400329384937,0.9941006652441323,f29v,herbal,291
96,0.84375,4.989583333333333,5.0,6.191478776650146,0.9765970446986965,-0.27226821996044903,3.2565052759612936,5.047846769977883,2.0744436160924615,0.25282935520265476,2.451723224841288,1.8216142608898056,0.9102564102564102,1.0,0.0625,78,0.010702744148230137,-2.220446049250313e-16,6.350943045804763,6.369738226527654,0.018795180722891658,0.9075477417399211,0.8232140041002995,f30r,herbal,300
63,0.8253968253968254,5.2063492063492065,5.0,5.4946390987925104,0.9638974132655695,-0.29114777244593,3.0375092382295965,4.606454205175414,2.3459794499765048,0.19607843137254902,2.0387127320445133,2.1499010186039555,0.9215686274509803,1.0,0.1111111111111111,51,0.013340041326134755,0.013340041326134977,5.700439718141095,5.69659356429494,-0.003846153846155609,0.7713300775639184,0.8379888268156424,f30v,herbal,301
98,0.7857142857142857,5.183673469387755,5.0,6.101805124661232,0.9736736818842764,-0.3498476472757338,3.386679695241202,4.852338298537197,2.333202145914205,0.45475870166928267,2.236242602738859,1.8784434442449218,0.8690476190476191,1.0,0.04081632653061224,84,0.0,0.0,6.333161760715648,6.354625175349794,0.021463414634145472,0.9090909090909091,0.7749018775856582,f31r,herbal,310
105,0.8952380952380953,4.961904761904762,5.0,6.490342898577286,0.9901983244785968,-0.20179446947633145,3.731857736507773,4.861825162362239,2.6801431384573147,0.6775310640862294,2.228737513574673,2.0026120743710853,0.7619047619047619,0.9642857142857143,0.02857142857142857,84,-2.220446049250313e-16,-2.220446049250313e-16,6.554588851677623,6.554588851677623,0.0,0.8414634146341465,0.8234277069375405,f31v,herbal,311
75,0.8266666666666667,4.72,4.0,5.76000189771282,0.9673852855111125,-0.29108196931846536,3.6288285444951858,4.435543689748169,2.3491005814859633,0.5638414997792565,1.4951777511332973,1.7852590817067073,0.7894736842105263,1.0,0.09333333333333334,57,4.440892098500626e-16,0.021967799647387265,5.771640636343323,5.804497779200465,0.03285714285714203,1.001916233232959,0.688868000537129,f32r,herbal,320
80,0.7125,4.5625,4.0,5.430875438448055,0.9310779776850886,-0.42382153573120185,3.445712950410045,4.016376691787813,2.2529316577057017,0.33580353336184066,1.2741394081545594,1.9171281243438612,0.8709677419354839,1.0,0.15,62,-2.220446049250313e-16,0.013340041326134977,6.108524456778164,6.079965232136722,-0.028559224641441894,1.2035139092240115,1.12059765208111,f32v,herbal,321
73,0.7945205479452054,4.835616438356165,5.0,5.708736675609288,0.9745229082097706,-0.34197103238907206,3.557616602380338,4.7491279525714525,2.125233594487139,0.243862009296318,1.7776501139493104,1.8813715851908215,0.9122807017543859,1.0,0.0684931506849315,57,0.0,0.0,6.014091089055431,6.038333513297856,0.024242424242425287,0.8605485027618955,0.9930615784908934,f33r,herbal,330
111,0.6576576576576577,3.963963963963964,4.0,5.8151075383840105,0.9394624165949207,-0.5038415575722879,3.9606202649651756,4.535025951700538,2.0744295775881296,0.33452605527483237,1.6608201643377196,1.7399035223132977,0.8732394366197183,1.0,0.09009009009009009,71,0.023385331327286485,0.045034467041567106,6.603856189774739,6.597697392270845,-0.006158797503894142,0.8844858331682192,0.8774204002268491,f33v,herbal,331
142,0.8098591549295775,4.598591549295775,5.0,6.700631362386255,0.9788388139519484,-0.31219124381509816,3.6008806727151166,5.462724850390184,1.882781233674519,0.2587430298092722,2.620328891994703,1.6240382038652463,0.91,0.99,0.04225352112676056,100,2.220446049250313e-16,2.220446049250313e-16,6.988684686772147,6.984905159213092,-0.0037795275590548627,1.0335462845614671,0.8917513004706465,f34r,herbal,340
115,0.8,5.043478260869565,5.0,6.358758151370148,0.97473714424773,-0.32833795207397304,3.6305105240221067,5.235640442779872,1.9549093177018444,0.2370769321891715,2.363948133080478,1.7178323855126745,0.9175257731958762,1.0,0.043478260869565216,97,-2.220446049250313e-16,-2.220446049250313e-16,6.7004397181411,6.696978179679562,-0.0034615384615372946,0.9294339204608398,0.9888246292994739,f34v,herbal,341
87,0.7586206896551724,5.0344827586206895,5.0,5.796223237153433,0.9589419754396556,-0.38342844212311616,3.8050330829079857,4.622449864961816,1.81246227271516,0.18146187299249084,1.6735901075013582,1.631000399722669,0.9333333333333333,1.0,0.09195402298850575,75,2.220446049250313e-16,0.058969999938198625,6.1699250014423175,6.166591668108984,-0.0033333333333338544,1.0089611682708266,1.0175975516449887,f35r,herbal,350
82,0.8048780487804879,5.024390243902439,5.0,5.91408215124491,0.9784408551890765,-0.31926978691791286,3.6334936778946134,4.835904348852244,2.308200921362574,0.17241222364616948,1.9382758785517578,2.1357886977164044,0.9402985074626866,1.0,0.06097560975609756,67,0.005749463387901499,0.019311371202533012,5.930737337562883,5.930737337562883,0.0,0.9158395195595962,0.6824480369515009,f35v,herbal,351
58,0.8793103448275862,4.724137931034483,5.0,5.6035863830213035,0.9878642811848334,-0.2290141047061443,3.8697704638920984,4.336871575195518,2.365270723964213,0.3826506877527472,1.3218654101192011,1.9826200362114663,0.8666666666666667,1.0,0.05172413793103448,45,0.0,0.0,5.614709844115208,5.614709844115209,8.881784197001252e-16,1.1124675721043795,1.0033444816053512,f36r,herbal,360
69,0.8115942028985508,4.753623188405797,5.0,5.598940986361786,0.9641120719341234,-0.3136314541258324,3.8862766374655977,4.488807146351885,2.1646045078037055,0.18842432302817277,1.1359279308053076,1.9761801847755325,0.9411764705882353,1.0,0.10144927536231885,51,-4.440892098500626e-16,-4.440892098500626e-16,5.744996077161019,5.7769960771610185,0.03199999999999914,0.9281894576012223,0.8236223582856014,f36v,herbal,361
76,0.8026315789473685,4.855263157894737,5.0,5.711678993678282,0.9630638938438265,-0.31869229111771663,3.7508603156695637,4.527059453749803,2.163697632148855,0.33024740314832696,1.3478258515733936,1.8334502290005268,0.8793103448275862,1.0,0.10526315789473684,58,-2.220446049250313e-16,0.045034467041567106,6.022367813028458,6.019290889951535,-0.003076923076922533,1.179546775130738,0.7075886317023147,f37r,herbal,370
87,0.735632183908046,5.091954022988506,5.0,5.562445117295534,0.9270741862159223,-0.3531812593235431,3.483638731146666,4.4570983095789725,1.966001741107921,0.2868243376985955,1.4800098051387969,1.6791774034093256,0.8873239436619719,1.0,0.1724137931034483,71,0.009714350328764332,0.16051955638441695,6.0,5.99,-0.009999999999999787,1.0423854115327749,1.0620424816992677,f37v,herbal,371
41,0.8780487804878049,4.7073170731707314,5.0,5.095237675297022,0.9855534991079263,-0.23836708761029024,3.4045479227317856,4.039211536948156,2.4368059872479155,0.12903225806451613,1.2672326617788474,2.3077737291833995,0.9354838709677419,1.0,0.07317073170731707,31,0.0,0.0,5.129283016944964,5.129283016944964,0.0,0.38317054845980464,0.32085561497326204,f38r,herbal,380
58,0.7241379310344828,4.4655172413793105,4.0,5.113821349287398,0.9483531751460119,-0.44203267069039653,2.906160507154648,3.849504479604921,2.1036151774651977,0.3112593719806529,1.6268110587569564,1.792355805484545,0.8936170212765957,1.0,0.1206896551724138,47,0.0,0.0,5.643856189774728,5.623252279772998,-0.02060391000173034,0.8006603384234421,0.8840554288721277,f38v,herbal,381
151,0.7615894039735099,4.860927152317881,5.0,6.6033695379215525,0.9646306529962131,-0.372733078098492,3.875976622149339,5.22413582105628,2.41830455092877,0.30781935590367676,2.2958672494080323,2.110485195025093,0.8898305084745762,1.0,0.046357615894039736,118,0.008162653861965019,0.008162653861965019,7.062000782236041,7.070000782236041,0.008000000000000007,0.883692501823774,0.8319487659728725,f39r,herbal,390
140,0.7142857142857143,4.321428571428571,4.0,6.34796817419316,0.9554644159762289,-0.4296839753513841,4.079583686399192,5.05314716212577,2.1984433700474963,0.30346233077168877,1.8258570221552965,1.894981039275808,0.8947368421052632,1.0,0.05714285714285714,95,0.009712883245855286,0.032703940480010796,6.891923673482755,6.9648989711189735,0.07297529763621835,0.9618224003374817,1.0950394486260997,f39v,herbal,391
100,0.74,4.21,4.0,5.954917659878925,0.9590083553636217,-0.4047198957057532,4.023222203394835,4.499967461905469,2.520488969018226,0.44032415134273173,1.3564097495859364,2.0801648176754943,0.8484848484848485,1.0,0.06,66,-2.220446049250313e-16,-2.220446049250313e-16,6.430789610741691,6.460452532090005,0.029662921348314164,1.0249475659565075,0.7196815026541445,f40r,herbal,400
97,0.7835051546391752,5.020618556701031,5.0,6.091828177082557,0.9750158214823794,-0.3475729371210588,3.9183090602532435,5.0690389291865054,2.0904879651248436,0.2254896605739556,1.7977221153106309,1.8649983045508864,0.9135802469135802,1.0,0.041237113402061855,81,0.0065374427319522255,0.0065374427319524475,6.259761193221231,6.282325295785333,0.02256410256410213,0.8795944233206591,0.8609943470068125,f40v,herbal,401
94,0.8085106382978723,5.446808510638298,5.0,6.060904043629048,0.970066318885403,-0.3173742314770642,3.7075807710734723,5.213820774449106,1.6224371102988413,0.23225922624198736,2.147102610529928,1.390177884056853,0.9047619047619048,1.0,0.07446808510638298,84,-2.220446049250313e-16,-2.220446049250313e-16,6.375039431346932,6.372629792792715,-0.00240963855421672,0.9792235281011528,0.8605962933118454,f41r,herbal,410
68,0.8970588235294118,5.132352941176471,5.0,5.870479201512647,0.9898396889593155,-0.2020980653325459,4.068089659091305,5.05628902390144,1.9706322814436423,0.2033898305084746,1.564470551250816,1.7672424509351676,0.9152542372881356,1.0,0.04411764705882353,59,0.0,0.0,5.906890595608517,5.906890595608517,0.0,0.9789142257418187,1.1411665257819104,f41v,herbal,411
132,0.75,4.946969696969697,5.0,6.2755320411683835,0.946627614233404,-0.3690944545007152,3.346973185909377,5.019374595878349,2.593868989874843,0.49243477043592065,2.330000709739423,2.101434219438922,0.8596491228070176,0.9824561403508771,0.09848484848484848,114,0.005118630864080931,0.005118630864080931,6.67644120551086,6.72042216651567,0.043980961004809416,0.9251271486512587,0.8023401587964898,f42r,herbal,420
105,0.8380952380952381,4.647619047619048,4.0,6.322632036915984,0.978821730796467,-0.28260860927252635,3.7230082219722282,4.75060443653861,2.4470312117212205,0.5333716473913159,2.0346040098169618,1.9136595643299048,0.8148148148148148,0.9876543209876543,0.047619047619047616,81,0.008162653861965019,0.008162653861965019,6.47573343096641,6.475283992764162,-0.0004494382022484089,1.1042010407412108,1.1323817898937971,f42v,herbal,421
153,0.7516339869281046,4.803921568627451,5.0,6.6731781826582965,0.9748284100913555,-0.37838102177750926,4.229565420549968,5.507912239912979,1.6924564461471652,0.17951222321675575,2.162406501452578,1.5129442229304084,0.9298245614035088,1.0,0.032679738562091505,114,0.009712883245855286,-4.440892098500626e-16,7.118941072723523,7.115487835313452,-0.003453237410070642,1.0136263373806924,0.6381901063650177,f43r,herbal,430
150,0.8333333333333334,4.933333333333334,5.0,6.820257273728237,0.9791083092747669,-0.2844242857982049,4.245937848069537,5.370013241664124,2.0902929516773794,0.39507262388203324,2.185494536436782,1.6952203277953446,0.856,0.992,0.04,125,0.0,0.0,7.06608919045778,7.063701130756288,-0.002388059701492473,1.0090001563302589,0.9694773415025963,f43v,herbal,431
70,0.9142857142857143,5.0285714285714285,5.0,5.957854445516399,0.9929757409193999,-0.1701287169495037,4.126631412686011,5.12082776233165,2.1279929103041897,0.20689655172413793,1.5589357893381128,1.9210963585800505,0.9137931034482759,1.0,0.02857142857142857,58,-2.220446049250313e-16,0.013340041326134977,5.882643049361836,5.882643049361836,0.0,0.7132154629907103,0.7262247838616716,f44r,herbal,440
95,0.7789473684210526,4.757894736842105,5.0,6.035865545665678,0.9720445891543161,-0.35695393633078626,4.071648131360148,4.555192703266991,2.3716704689485297,0.38967312110292845,1.5703089701296515,1.981997347845601,0.8641975308641975,1.0,0.05263157894736842,81,0.010702744148230137,-2.220446049250313e-16,6.357552004618087,6.357064199740036,-0.00048780487805100137,0.8602204915545664,1.1679781046869653,f44v,herbal,441
85,0.8352941176470589,4.588235294117647,5.0,6.032920347902412,0.9810029958416111,-0.2850443657943965,3.843794151446328,4.7705821493343885,2.2092944334441382,0.29032258064516125,1.69104732023087,1.9189718527989768,0.9032258064516129,1.0,0.047058823529411764,62,0.013340041326134977,0.013340041326134977,6.2094533656289554,6.208912825088415,-0.000540540540540313,0.799211736369608,0.5187207488299531,f45r,herbal,450
82,0.9024390243902439,4.2682926829268295,4.0,6.138039809496136,0.9884992201522749,-0.19186310106593102,4.1438100024849,4.4677201004745015,2.735765729500253,0.6785714285714286,1.2929219284626436,2.057194300928825,0.75,0.9821428571428571,0.04878048780487805,56,-2.220446049250313e-16,-2.220446049250313e-16,6.149747119504677,6.149747119504678,8.881784197001252e-16,1.2565200467107822,0.8991692458055054,f45v,herbal,451
156,0.7564102564102564,4.878205128205129,5.0,6.660236914789628,0.967685940854824,-0.3801561795807633,3.745731666695857,5.479194089553131,2.309207234339375,0.38071987008341396,2.4229803626290476,1.9284873642559612,0.8702290076335878,0.9847328244274809,0.04487179487179487,131,2.220446049250313e-16,2.220446049250313e-16,7.125366955235652,7.133310217646998,0.00794326241134602,0.8692150546083129,0.9150533964012288,f46r,herbal,460
108,0.8055555555555556,4.944444444444445,5.0,6.259665803502682,0.9715537327831396,-0.32289709016156976,3.922286674674223,4.9309163421629565,1.7409640720058124,0.24442926141280613,1.9748274046975758,1.4965348105930054,0.9204545454545454,1.0,0.046296296296296294,88,-2.220446049250313e-16,0.02499356876884673,6.569855608330948,6.567750345173054,-0.002105263157893944,0.89963212069414,0.9197594249669945,f46v,herbal,461
77,0.7272727272727273,4.51948051948052,4.0,5.496861702835886,0.9465344854259904,-0.4222457920080838,3.1499973864349022,4.251756696105125,2.4268506411133863,0.41660061929178305,1.6929128041118129,2.010250021821603,0.875,1.0,0.11688311688311688,64,-2.220446049250313e-16,-2.220446049250313e-16,5.983788058752401,6.025148732993515,0.04136067424111456,0.8341035120147875,1.0436223081170624,f47r,herbal,470
84,0.7976190476190477,4.607142857142857,5.0,5.8778021733874075,0.9689607239262904,-0.3351673160641105,3.0857000750708354,4.850505759135986,2.159557523886235,0.3271631395657215,2.2421194560439495,1.832394384320512,0.890625,1.0,0.05952380952380952,64,-4.440892098500626e-16,0.017663187373675227,6.129283016944973,6.121283016944972,-0.008000000000000895,1.0460978888273897,0.7620689655172413,f47v,herbal,471
86,0.9767441860465116,5.383720930232558,6.0,6.379753126795122,0.9980344693242443,-0.061654662821625364,4.199226176276607,5.627986806877679,2.1594758153209472,0.09381788197449262,1.9151432696101487,2.065657933346454,0.9583333333333334,1.0,0.023255813953488372,72,0.0,0.0,6.266786540694905,6.266786540694905,0.0,0.8338557993730409,0.7749077490774907,f48r,herbal,480
122,0.8360655737704918,4.754098360655738,5.0,6.545331189950981,0.9809523305984325,-0.2833158069511629,3.9924077992424523,4.979800298747572,1.9365677997845916,0.3384825758012822,2.0568890030066456,1.598085223983308,0.8888888888888888,1.0,0.03278688524590164,99,-2.220446049250313e-16,0.028674308939082738,6.794415866350121,6.793695145629401,-0.0007207207207207134,0.8837408837408837,1.009261325596965,f48v,herbal,481
110,0.7545454545454545,4.881818181818182,5.0,6.193821618223841,0.9715738521973666,-0.3850842042031991,3.250350826954005,4.917805025802054,2.4804990887188185,0.5303644764376585,2.244276652066932,1.9501346122811598,0.7931034482758621,1.0,0.045454545454545456,87,2.220446049250313e-16,0.005749463387901499,6.47573343096641,6.475733430966409,-8.881784197001252e-16,1.023382661957348,0.9891592146675329,f49r,herbal,490
137,0.7299270072992701,5.386861313868613,5.0,6.35195179530676,0.9560640106995058,-0.4103639874354445,3.1267797333530365,5.312863801659766,2.554282657353679,0.3619637622061289,2.7459514044397637,2.19231889514755,0.868421052631579,1.0,0.072992700729927,114,0.008368429713478509,0.008368429713478509,6.794415866350121,6.788289740223995,-0.006126126126126508,0.9095040249285897,0.8292139525168836,f49v,herbal,491
94,0.8297872340425532,4.872340425531915,5.0,6.15033353252869,0.9785107330238593,-0.29260478743687596,4.211293205362976,5.195857098851949,2.130351080475811,0.20977444862485894,1.523228459416775,1.9205766318509514,0.9117647058823529,1.0,0.0425531914893617,68,0.0,0.0,6.368507898969236,6.3819579525396355,0.013450053570399412,0.726742342570867,0.6768988587170404,f50r,herbal,500
96,0.8645833333333334,5.125,5.0,6.277569011092755,0.9847106168826354,-0.24782526908929392,3.960134296597614,5.189513312887908,1.935053327250302,0.14384548709139788,1.9907061383323565,1.7912078401589038,0.9506172839506173,1.0,0.041666666666666664,81,-2.220446049250313e-16,-2.220446049250313e-16,6.409390936137707,6.408920347902413,-0.00047058823529422256,0.8015786608600979,0.8396124865446717,f50v,herbal,501
87,0.896551724137931,5.206896551724138,5.0,6.21305843837746,0.9884901907681122,-0.20016532887529262,4.195211799529268,5.295520277850647,2.4302481167704766,0.2398599315661224,1.6932428963370503,2.190388185204354,0.9041095890410958,1.0,0.04597701149425287,73,2.220446049250313e-16,2.220446049250313e-16,6.1699250014423175,6.1699250014423175,0.0,1.0001680954782315,1.0434782608695652,f51r,herbal,510
79,0.8227848101265823,5.151898734177215,5.0,5.870050843031656,0.974708125653288,-0.30067908633968743,3.939445830705709,5.137602043731119,2.3219925503780945,0.13469057695636108,1.690463905333101,2.1873019734217336,0.9538461538461539,1.0,0.0759493670886076,65,0.010702744148229915,-2.220446049250313e-16,6.044394119358462,6.044394119358462,0.0,0.7610941244525246,0.7049028677150786,f51v,herbal,511
66,0.8333333333333334,4.7272727272727275,4.5,5.688185407171689,0.9838836690726919,-0.2868802129546064,3.514369374828047,4.835983798255993,2.5155869891929785,0.10116781919496742,1.6837325087184518,2.414419169998011,0.9574468085106383,1.0,0.045454545454545456,47,0.0,0.0,5.85798099512757,5.8572913399551565,-0.0006896551724135946,0.969081679741578,0.9962664570642563,f52r,herbal,520
75,0.88,4.973333333333334,5.0,5.958623190409349,0.98580983846265,-0.22662632102776686,3.695679446604464,4.752470075580471,2.556349331430057,0.43860471315022076,1.6453174245479796,2.117744618279836,0.8360655737704918,1.0,0.04,61,0.009712883245855286,0.009712883245855286,5.930737337562883,5.930737337562883,0.0,1.0122433240142679,0.7770316568452789,f52v,herbal,521
55,0.9272727272727272,4.509090909090909,4.0,5.6221799407580475,0.9911421661486365,-0.15597489388825758,3.4881705291468257,4.268472751631122,2.66923854286357,0.4859050907028988,1.371470471081931,2.1833334521606713,0.8421052631578947,0.9736842105263158,0.05454545454545454,38,0.0,0.05904160991070073,5.5235619560570095,5.5235619560570095,0.0,0.8044164037854888,0.6958174904942965,f53r,herbal,530
71,0.9154929577464789,5.436619718309859,5.0,5.959468598316975,0.9895557334483279,-0.17257213887585166,4.00187259614607,5.201259133144316,2.4472549840921154,0.2828103979704668,1.6738322866326267,2.1644445861216486,0.90625,1.0,0.04225352112676056,64,-2.220446049250313e-16,0.010702744148229915,5.85798099512757,5.855222374437915,-0.0027586206896552667,0.8215878679750223,0.4551643649095507,f53v,herbal,531
102,0.7156862745098039,4.264705882352941,4.0,5.944593665917307,0.9603816084559459,-0.43582218694656105,3.8834580937658094,4.738457731772712,2.599628886523883,0.49344041754278484,1.2808056781878399,2.1061884689810975,0.819672131147541,1.0,0.058823529411764705,61,0.011890908425879476,0.040099067632290764,6.447408651885218,6.464238726883775,0.016830074998557265,0.81203531598513,0.9117885082276773,f54r,herbal,540
86,0.813953488372093,4.767441860465116,5.0,5.994643644483916,0.9780334221655571,-0.3138817048698356,3.598250406639272,4.86951093657388,2.2523380186111153,0.40471548440702804,1.76982009849717,1.8476225342040884,0.8615384615384616,1.0,0.05813953488372093,65,0.015064243610524164,0.015064243610524164,6.129283016944973,6.129283016944973,0.0,0.9472429999338053,0.759776536312849,f54v,herbal,541
119,0.7058823529411765,4.453781512605042,4.0,6.207637616158218,0.9711090995008408,-0.41850558492744566,4.108782951042855,4.701216527368614,2.4639070058845687,0.4792001145238527,1.6318519177930741,1.9847068913607164,0.8555555555555555,1.0,0.05042016806722689,90,0.010702744148230137,-2.220446049250313e-16,6.709052530034882,6.715560119656706,0.006507589621824295,1.0954616588419404,0.9468830426079495,f55r,herbal,550
103,0.7184466019417476,4.398058252427185,4.0,6.008109236106266,0.9675745806165194,-0.42604969893664035,3.795789144822423,4.769300920132397,2.088291560536391,0.3188141450331002,1.603525530850943,1.769477415503292,0.9027777777777778,0.9861111111111112,0.04854368932038835,72,0.011890908425879476,0.0,6.463838596242657,6.502959475363538,0.03912087912088058,0.8981116626580015,0.9571100490348207,f55v,herbal,551
97,0.7938144329896907,4.938144329896907,5.0,6.143576115316099,0.9803391379970093,-0.33029706801286424,3.11066346286899,5.080953419897005,2.124612885451305,0.3794198538105961,2.5000174435085745,1.745193031640709,0.8734177215189873,0.9746835443037974,0.041237113402061855,79,0.0065374427319524475,0.021967799647387265,6.285402218862257,6.285402218862257,0.0,0.9884704073789392,0.8398450771216962,f56r,herbal,560
85,0.7176470588235294,5.023529411764706,5.0,5.57417071896487,0.939878197548951,-0.4265945606781297,3.2378044853130112,4.368132173271885,2.487038948182854,0.4260659102756178,1.7679556666177745,2.0609730379072366,0.8513513513513513,1.0,0.11764705882352941,74,0.0,0.008162653861965019,5.981642029210577,6.042604695038292,0.0609626658277147,0.9879336349924587,1.0388476647752074,f56v,herbal,561
84,0.8809523809523809,5.476190476190476,6.0,6.136248672727249,0.988210766940145,-0.22409328709190493,3.776832113048612,5.377712058672564,2.1293094650446793,0.22280359597932062,2.015464363521078,1.9065058690653585,0.9041095890410958,1.0,0.03571428571428571,73,-2.220446049250313e-16,-2.220446049250313e-16,6.189824558880028,6.189824558880028,0.0,0.885239198582527,0.9675392670157068,f57r,herbal,570
73,0.9041095890410958,4.602739726027397,4.0,5.987702812275048,0.9906208453711117,-0.1911056006740017,4.182332776055771,4.8481244077124295,2.7164926767858075,0.44358066045899874,1.2152145652182396,2.272912016326809,0.8301886792452831,1.0,0.0410958904109589,53,0.0,0.0,5.930737337562883,5.930737337562883,0.0,0.7556252098958917,0.5819089686959862,f57v,cosmological,571
368,0.7608695652173914,5.122282608695652,5.0,7.88076727033139,0.9694295614883179,-0.36036999740824716,4.129235150921871,6.449747569752771,2.3934754798250566,0.5499852128975646,3.399691649507339,1.8434902669274893,0.7953795379537953,0.9966996699669967,0.035326086956521736,303,4.440892098500626e-16,0.002472145027062389,8.33479820164483,8.34869698528384,0.013898783639010759,0.9338463262485526,0.6992939511394888,f58r,unknown,580
366,0.6366120218579235,4.797814207650274,5.0,7.486278106503295,0.9519456900943436,-0.4994598608103481,4.058087379283083,5.697983794764529,2.398164044590658,0.6546796783459806,2.8358096904655787,1.7434843662446764,0.782312925170068,0.9965986394557823,0.03551912568306011,294,0.021573215078938168,0.015297795979239748,8.32868199369376,8.341922986048235,0.013240992354475623,0.9509832697387729,0.8588563275501405,f58v,unknown,581
3,1.0,4.0,4.0,1.584962500721156,1.0,-0.0,1.0,1.0,0.0,0.0,0.0,0.0,1.0,1.0,0.3333333333333333,2,1.0,1.0,1.0,1.0,0.0,,,f65r,herbal,650
43,0.9302325581395349,4.651162790697675,5.0,5.286729870981167,0.9933861895015061,-0.1510325319871049,3.334282221599798,4.351409765557392,1.623689844084022,0.25,1.5407177784002022,1.3736898440840213,0.875,1.0,0.046511627906976744,32,0.0,0.0,5.209453365628954,5.209453365628954,0.0,0.9629101283880169,1.5089820359281438,f65v,herbal,651
310,0.7483870967741936,5.267741935483871,5.0,7.616300736100072,0.9692439751155728,-0.3798018537859769,4.026490033761277,6.428791029460066,2.112344220352046,0.353018299876694,3.2725659945597925,1.7593259204753526,0.8843283582089553,0.9888059701492538,0.025806451612903226,268,0.009964190783217863,0.0036895717263895067,8.001364272242505,8.012271230736545,0.010906958494039998,0.9659457357089757,0.8167115397829847,f66r,unknown,660
116,0.8103448275862069,4.948275862068965,5.0,6.399694275655747,0.9763685290523989,-0.3079359701171657,3.7997182397193154,5.634229464791334,2.508716428936525,0.3131944155160361,2.3050090113745694,2.195522013420489,0.8764044943820225,0.9887640449438202,0.0603448275862069,89,-2.220446049250313e-16,0.010702744148230137,6.667083051455081,6.6810636339793525,0.01398058252427159,0.8398503910234614,1.0062062590783045,f66v,herbal,661
155,0.8129032258064516,5.019354838709678,5.0,6.792938256954374,0.9735797232493613,-0.30764260765169293,4.0897101023328295,5.625554583444054,2.646186042501085,0.4565402506149298,2.3499448663240923,2.189645791886156,0.8173913043478261,1.0,0.03870967741935484,115,4.440892098500626e-16,4.440892098500626e-16,7.0874628412503275,7.083234181323539,-0.004228659926788225,0.994686692985841,0.9052287581699346,f67r1,astronomical_zodiac,670
181,0.8453038674033149,4.795580110497237,5.0,7.113800014260379,0.980214943510722,-0.2657020682095208,4.789268249007749,5.699138242278907,2.4839280429954123,0.43789943482459126,1.9770141905599763,2.046028608170822,0.8705035971223022,0.9784172661870504,0.03314917127071823,139,0.0012152016166330215,0.015748161424478546,6.754887502163458,6.751554168830123,-0.0033333333333347426,0.940481128162588,0.6052476848449212,f67r2,astronomical_zodiac,670
71,1.0,5.788732394366197,6.0,6.149747119504677,0.9999999999999991,0.0,4.3349779872693075,5.421414050346683,2.549587644157164,0.3018976191849822,1.6105559044845763,2.2476900249721816,0.873015873015873,1.0,0.014084507042253521,63,2.220446049250313e-16,2.220446049250313e-16,5.3923174227787625,5.3923174227787625,0.0,0.8776035572197519,2.2720897615708275,f67v1,astronomical_zodiac,671
61,0.9344262295081968,4.852459016393443,5.0,5.7872145916257764,0.9921693324530301,-0.14290176800810028,3.969563185288229,4.996069292872437,2.9877966753158343,0.44053614144544356,1.553998770768783,2.5472605338703915,0.8260869565217391,1.0,0.04918032786885246,46,5.551115123125783e-16,5.551115123125783e-16,5.285402218862247,5.285402218862247,0.0,0.8463157894736842,,f67v2,cosmological,671
65,0.9846153846153847,5.984615384615385,6.0,5.991598582259227,0.9985997637098712,-0.0430959412822277,3.7031646634507904,5.500169099751567,1.9693476479634002,0.1886848361365072,2.149623698666794,1.7806628118268935,0.9344262295081968,1.0,0.03076923076923077,61,-6.661338147750939e-16,-6.661338147750939e-16,4.807354922057606,4.807354922057606,0.0,0.8834665544804374,1.3451511991657978,f68r1,astronomical_zodiac,680
79,0.9240506329113924,5.708860759493671,6.0,6.1423264759978204,0.9923264250173205,-0.15995253896363873,3.7381247836983422,5.730902217075138,2.2031528379691463,0.26187156905935205,2.2441644537949834,1.941281268909793,0.875,1.0,0.0379746835443038,72,-4.440892098500626e-16,-4.440892098500626e-16,5.5849625007211605,5.584962500721159,-1.7763568394002505e-15,0.8725341426403643,1.382926829268293,f68r2,astronomical_zodiac,680
101,0.9405940594059405,5.623762376237623,5.0,6.5393996015636615,0.9953642806504505,-0.1286262605811349,3.695133710830392,5.682855522868696,2.2983957962723607,0.4185104707194367,2.460265095282322,1.8798853255529249,0.8522727272727273,0.9772727272727273,0.019801980198019802,88,5.551115123125783e-16,5.551115123125783e-16,6.303780748177105,6.303780748177107,1.7763568394002505e-15,0.9178743961352657,0.7652780326665444,f68r3,astronomical_zodiac,680
93,0.8279569892473119,4.881720430107527,4.0,6.131908241420647,0.9784772788416537,-0.29723252019478796,3.349330618890295,4.507531906819985,2.377982104987436,0.7944897836182083,2.09909707143251,1.583492321369227,0.7466666666666667,0.9733333333333334,0.053763440860215055,75,0.0,0.0,6.3509430458047635,6.371184009660185,0.020240963855421512,0.8445718138907621,0.8777573529411766,f68v1,astronomical_zodiac,681
101,0.9108910891089109,5.3861386138613865,6.0,6.479993660969605,0.9933213947562871,-0.17130296484446372,4.003532165675252,5.747265348637777,1.6074845632157544,0.13707628769886152,2.241152888109509,1.4704082755168917,0.9529411764705882,1.0,0.019801980198019802,85,0.0,0.00700898137348549,6.375039431346932,6.375039431346932,0.0,0.8390686776980525,0.6012024048096192,f68v2,astronomical_zodiac,681
165,0.806060606060606,4.963636363636364,5.0,6.904268693291098,0.9785956489211245,-0.31751265559404285,3.956046299519407,5.675580514118888,2.209432482956029,0.461778090504353,2.5783609946299975,1.7476543924516779,0.8682170542635659,0.9767441860465116,0.030303030303030304,129,4.440892098500626e-16,4.440892098500626e-16,7.18982455888002,7.188180723263583,-0.001643835616436995,1.0072039318656163,0.6328846502082452,f68v3,cosmological,681
151,0.7814569536423841,4.602649006622516,4.0,6.690914444867731,0.9721431718717582,-0.34946538586549936,3.801591058108594,5.431784215881652,2.488408224974952,0.35131513085608507,2.568152213238185,2.1370930941188675,0.897196261682243,1.0,0.046357615894039736,107,0.004537614512931332,0.01187033578452823,6.754887502163458,6.754887502163457,-8.881784197001252e-16,1.1100148001973358,0.9540679711637486,f69r,cosmological,690
129,0.7984496124031008,4.62015503875969,5.0,6.510225778810134,0.9736372191019115,-0.33048425926133673,3.343550208641746,5.259869409313983,2.460170957383677,0.4143413013065773,2.7416483733087893,2.0458296560771,0.8613861386138614,1.0,0.03875968992248062,101,0.014781144655800937,0.014781144655800937,6.594301680849912,6.612260864523382,0.017959183673469603,0.875647973609802,0.731556106633602,f69v,cosmological,691
108,0.8703703703703703,5.055555555555555,5.0,6.451601506773056,0.9842877490510755,-0.23777317382524416,3.473066933905691,5.423268727347122,2.324246793262645,0.2905520471019845,2.7049647745873533,2.033694746160661,0.8928571428571429,1.0,0.037037037037037035,84,4.440892098500626e-16,4.440892098500626e-16,6.47573343096641,6.47286716411199,-0.002866266854420374,1.0033951183703431,1.0310831165274545,f70r1,cosmological,700
235,0.723404255319149,4.595744680851064,4.0,7.1357887555891795,0.9630735936453175,-0.4132356681848319,3.403716170440882,5.687809638176639,2.739280162880038,0.6295778870920196,3.095412709614186,2.10970227578802,0.7962962962962963,0.9814814814814815,0.029787234042553193,162,0.021967799647387265,0.0065374427319524475,7.736368983644945,7.749331946607908,0.012962962962963509,0.8401228796580742,0.8411501858989663,f70r2,cosmological,700
82,0.9146341463414634,5.585365853658536,6.0,6.177614352152679,0.9917794463304365,-0.17434419897020698,3.1267619666926816,5.305856659890425,2.3888158548470257,0.3279592823636332,2.7279976349503148,2.060856572483392,0.8840579710144928,1.0,0.036585365853658534,69,-2.220446049250313e-16,-2.220446049250313e-16,6.022367813028458,6.022367813028458,0.0,1.1542740589653258,1.38038496791934,f70v1,unknown,701
129,0.8449612403100775,5.124031007751938,5.0,6.648786267034375,0.9823589234552228,-0.2701857141027198,3.1309888495750178,5.581218023278232,2.812028456789128,0.5328413038292782,3.055789258707729,2.279187152959853,0.8,0.9904761904761905,0.031007751937984496,105,0.016238535540982646,-4.440892098500626e-16,6.5641291673878275,6.584129167387825,0.019999999999997797,1.0772453676383806,0.892988929889299,f70v2,recipes_stars,701
87,0.8390804597701149,5.367816091954023,5.0,6.086396944025117,0.9832907033356024,-0.2795267181437885,2.7632585355611505,5.422300070325179,2.452663708309241,0.26238296455057303,3.0165637599084545,2.190280743758668,0.9014084507042254,1.0,0.034482758620689655,71,0.00700898137348549,0.0,6.108524456778164,6.105625906053526,-0.0028985507246375164,0.8185418805926363,0.6299968020466903,f71r,unknown,710
101,0.8316831683168316,4.801980198019802,5.0,6.238760710706235,0.9759779275782938,-0.2899316664389556,3.0024195538701113,4.888214191242761,2.396100276459612,0.5104089991665856,2.799732469959104,1.8856912772930272,0.8,1.0,0.04950495049504951,75,0.00700898137348549,0.0,6.350943045804763,6.36925629881681,0.01831325301204778,0.9851067647586579,1.2065245533787863,f71v,unknown,711
105,0.819047619047619,5.104761904761904,5.0,6.276150279570877,0.9766404776551756,-0.30474372392730353,3.008017830163381,5.170564977003952,2.731329251054605,0.5414448711258143,2.8890634942558457,2.18988437992879,0.813953488372093,1.0,0.0380952380952381,86,0.0,0.00700898137348549,6.442943495848723,6.441104415388953,-0.0018390804597698818,1.0914151772634046,0.9209666884389288,f72r1,unknown,720
106,0.8018867924528302,5.037735849056604,5.0,6.265471869575885,0.9775455939580209,-0.3279034962556546,2.9915128033304135,5.218284444768446,2.557662325947706,0.4027076142489354,2.8736759510644037,2.1549547116987706,0.8505747126436781,0.9885057471264368,0.03773584905660377,87,0.006499145433782383,0.006499145433782383,6.182426338601928,6.2056695818451715,0.023243243243243228,1.031411988835231,0.8718487394957984,f72r2,unknown,720
161,0.84472049689441,5.291925465838509,5.0,6.972069440159216,0.9837186587533818,-0.26534229634816997,3.9990375514130467,5.660341475474424,2.5377476535947956,0.4919414730678686,2.609800735863873,2.0458061805269283,0.8175182481751825,0.9781021897810219,0.037267080745341616,137,0.0031232308870196013,0.0031232308870194903,6.988684686772147,6.988054765512304,-0.0006299212598426251,0.968000988386459,1.0708370141342756,f72r3,unknown,720
104,0.9423076923076923,5.144230769230769,5.0,6.577796569081836,0.9944195171211913,-0.1281744275488586,3.6406019049272853,5.470194179951132,2.3251640290292785,0.3908045977011494,2.5694144356744273,1.9343594313281285,0.8505747126436781,1.0,0.028846153846153848,87,0.0,0.0,6.1699250014423175,6.169369445886762,-0.0005555555555556424,1.0599237963283685,1.021766965428937,f72v1,unknown,721
107,0.897196261682243,5.457943925233645,6.0,6.5217494629962145,0.990400395185543,-0.19888851466193108,3.5154831161364024,5.709004993241377,2.5267757897962344,0.3143164994498549,2.7270493316596207,2.212459290346381,0.8764044943820225,1.0,0.028037383177570093,89,-4.440892098500626e-16,-4.440892098500626e-16,6.2094533656289554,6.209453365628956,8.881784197001252e-16,0.9961551904928346,1.2416787264833575,f72v2,unknown,721
115,0.8782608695652174,5.721739130434782,5.0,6.595447550925574,0.9905734547500012,-0.21702248553948775,3.3534069223669283,5.659863284519785,2.233204026059313,0.3055327999740397,3.003602642877031,1.9276712260852733,0.9047619047619048,1.0,0.02608695652173913,105,0.006260210596725213,0.0032423882495209444,6.357552004618087,6.357064199740036,-0.00048780487805100137,0.7628479657387582,0.9991574565098876,f72v3,unknown,721
95,0.8947368421052632,5.4526315789473685,5.0,6.338276660962527,0.9889046750488857,-0.20184296077341612,3.399782893648909,5.5269245334939185,2.3061148540236736,0.2825877433329028,2.6292090688030805,2.0235271106907713,0.8974358974358975,1.0,0.042105263157894736,78,0.0032423882495209444,0.0032423882495209444,5.954196310386873,5.951615665225582,-0.002580645161291528,0.9238152369526094,0.7709275394286975,f73r,unknown,730
95,0.9052631578947369,5.2631578947368425,5.0,6.351383108308174,0.9883475628141319,-0.18749848716869735,3.78579549398855,5.188157914228685,2.0935263049275226,0.3220289262995939,2.260661693503594,1.7714973786279289,0.8902439024390244,0.9878048780487805,0.042105263157894736,82,0.006260210596725213,0.006260210596725213,5.954196310386873,5.953551149096549,-0.0006451612903237702,0.9263359463826222,1.0388283378746592,f73v,unknown,731
411,0.48175182481751827,4.81265206812652,5.0,6.9070222268779755,0.905321715949084,-0.6820288381661889,3.64893122656339,5.29741910459726,1.6451105733628537,0.21698004982179292,2.712982272686632,1.4281305235410613,0.9335443037974683,0.9968354430379747,0.051094890510948905,316,0.026025763312546024,0.024386278350160495,8.365758060765678,8.411793059212409,0.04603499844673031,0.8644303258191787,0.90093793354229,f75r,biological_balneological,750
347,0.5446685878962536,4.780979827089337,5.0,7.06310277594718,0.9339958149615515,-0.6044042272616723,3.8276642620324988,5.624531618118257,1.702945459307584,0.18469674626542304,2.8742960788184253,1.5182487130421618,0.9283018867924528,1.0,0.040345821325648415,265,0.009777449328790211,0.008853246682062776,8.078386555545062,8.115413469861673,0.03702691431661087,0.9982933043112615,1.0257996685804776,f75v,biological_balneological,751
546,0.46153846153846156,4.906593406593407,5.0,7.304525371928282,0.9156661721760826,-0.6939608904400913,3.6001072154603952,5.69209702197143,1.8453186590684971,0.2615606681109707,3.2846279373037732,1.583757990957526,0.9235955056179775,0.9977528089887641,0.05128205128205128,445,0.022594913840623954,0.0077196139288275845,8.899750163645162,8.920064477278485,0.02031431363332281,0.9516661220100991,0.9451070579776168,f76r,unknown,760
389,0.5732647814910026,5.3984575835475574,5.0,7.2774809218388175,0.9329027439402428,-0.5747772200466724,4.0505734850918085,5.581143902416206,1.6370562211273452,0.23210211416404905,2.8540941948757297,1.4049541069632947,0.9264705882352942,1.0,0.04113110539845758,340,0.030608710761257596,0.00829134251962893,8.408460737228074,8.42094384139362,0.012483104165546877,0.7955108530858261,0.9078956755710018,f76v,biological_balneological,761
324,0.5339506172839507,5.395061728395062,6.0,6.821300602872759,0.9175039281071184,-0.6226953702712481,3.274019750156132,5.620152556634411,1.755645500538192,0.1764712143668055,3.084677678055846,1.579174286171385,0.948339483394834,0.996309963099631,0.06172839506172839,271,0.04854400599009834,0.017506479710506118,7.987577110309059,8.035552525471626,0.047975415162567536,0.9383463437948066,0.9280187597491814,f77r,biological_balneological,770
331,0.5196374622356495,5.096676737160121,5.0,6.688448075627273,0.9006476737033028,-0.6309659494680839,3.740516450587717,5.444139366127444,1.7457369469365112,0.21056571613676803,2.638464150178408,1.5351712307997438,0.9416058394160584,1.0,0.054380664652567974,274,0.008115028286932668,0.014566737560735787,8.004174396173608,8.095437664570952,0.09126326839734311,0.8801730265781307,0.885463152305311,f77v,biological_balneological,771
287,0.5679442508710801,4.912891986062718,5.0,6.840614835152876,0.9308569716535708,-0.5830306877422889,4.197177465936329,5.399144071895625,1.7501733281954757,0.16514369971971632,2.280855725124649,1.5850296284757583,0.9419642857142857,0.9955357142857143,0.05226480836236934,224,0.019556084334153234,0.03382005637663754,7.848557262275229,7.86929911643829,0.02074185416306129,0.8298078085337844,0.8725531310453052,f78r,biological_balneological,780
287,0.5400696864111498,4.682926829268292,5.0,6.609795613357502,0.9084225674544907,-0.6040815174075735,3.7872577339935254,5.207075975863801,1.5025145351921552,0.14253118713338286,2.5854188462027223,1.3599833480587724,0.95,1.0,0.08013937282229965,200,0.02106823159575877,0.011930661036580026,7.908078927054949,7.946968621167165,0.03888969411221588,0.8984488526916969,0.8774109038348614,f78v,biological_balneological,781
371,0.5660377358490566,4.921832884097035,5.0,7.251867022052331,0.9400617345461829,-0.5727016066056172,3.6917338981569827,5.860245052673674,2.0360060226682766,0.3597235496197019,3.194805980086142,1.6762824730485728,0.8933333333333333,0.9966666666666667,0.05390835579514825,300,0.016385615403862075,0.05067788109257876,8.32868199369376,8.333360294916735,0.004678301222975634,1.0217476064636313,0.9782864226026374,f79r,biological_balneological,790
350,0.56,5.097142857142857,5.0,7.095134006606664,0.9317668239309103,-0.5840555988538978,4.112713368886842,5.61048578058855,1.5305947352047082,0.21123453666129993,2.7218262802839677,1.319360198543409,0.9405594405594405,0.9965034965034965,0.05142857142857143,286,0.00878180596491751,0.008781805964917622,8.221331995240314,8.240760957089698,0.019428961849383697,0.900309442167768,0.8519957871704644,f79v,biological_balneological,791
431,0.5336426914153132,5.104408352668213,5.0,7.233482207436829,0.9219924007890524,-0.6153120473398119,3.628541173067979,5.703361398779331,1.8850370816438442,0.3657464680725548,3.098759733847122,1.5192906135712876,0.8851540616246498,0.9971988795518207,0.060324825986078884,357,0.01885616411428037,0.014943187261652335,8.459016101446881,8.518784760228021,0.059768658781139905,0.9742955876848617,0.8730549704423457,f80r,biological_balneological,800
369,0.5230352303523035,4.867208672086721,5.0,7.063017404997954,0.9302676815066141,-0.6240789303323194,3.7490363417004042,5.6453927658535425,1.8113502666113035,0.21401262511324143,2.9306766220557185,1.597337641498061,0.9377162629757786,1.0,0.04607046070460705,289,0.010073656704435607,0.00643652591980437,8.268127023293736,8.310138452529564,0.04201142923582779,0.9123397406587779,0.8614788049704767,f80v,biological_balneological,801
205,0.6195121951219512,4.780487804878049,5.0,6.498842523651008,0.9299092482955618,-0.5248559294183248,3.849485441485436,5.245439158965321,1.678687965854838,0.23720340917520008,2.448485414057654,1.4414845566796377,0.922077922077922,1.0,0.08780487804878048,154,0.009715737557299153,0.025925289900506576,7.396966484354454,7.407879283202045,0.010912798847590999,0.9836473515819407,1.0102028306384603,f81r,biological_balneological,810
253,0.6086956521739131,4.786561264822135,5.0,6.847058027464615,0.9422401482581394,-0.5349919434806784,4.007020491300083,5.321684860575407,1.7281614609632578,0.20289766562693398,2.5342406757284714,1.5252637953363224,0.9329896907216495,1.0,0.05928853754940711,194,0.003987718221683867,0.003987718221683867,7.774870580096267,7.795158100105495,0.020287520009228288,1.092699172271081,0.8213995008810611,f81v,biological_balneological,811
286,0.5944055944055944,5.416083916083916,6.0,6.953092622858908,0.9384162183893824,-0.553864763968592,3.6428422400773197,5.776290462902654,1.731957806420294,0.15380262027177088,2.9276920103753055,1.578155186148523,0.9477911646586346,1.0,0.04895104895104895,249,0.008115028286932557,0.004294030666513793,7.863096805109661,7.893905528138528,0.030808723028866503,0.9082687268111167,0.9187702546655575,f82r,biological_balneological,820
309,0.5825242718446602,5.300970873786408,5.0,7.028555060918297,0.9381597544086454,-0.5679191935093353,3.456941846750096,5.762262681041607,1.8186527280206777,0.2531546725800061,3.169564605708657,1.5654980554406739,0.9210526315789473,1.0,0.038834951456310676,266,0.01204556232155285,0.00397076901529736,7.951277644079433,8.009437065534705,0.05815942145527231,0.9112562652521444,0.8654464981313581,f82v,biological_balneological,821
341,0.5806451612903226,5.404692082111437,5.0,7.126571451216462,0.9340986148766629,-0.5651382000986749,3.6747926797484665,5.972092533011589,1.6338863260256964,0.13716235847683894,3.1345042194031403,1.496723967548857,0.9591836734693877,1.0,0.04398826979472141,294,0.030446922912996333,0.01932845158762242,8.138892315799417,8.136775905833927,-0.002116409965490007,0.8733452786387318,0.9305207646671062,f83r,biological_balneological,830
259,0.5521235521235521,5.343629343629344,5.0,6.592973606213624,0.9208229165162843,-0.6090397884798573,2.9396535357608866,5.562641499117291,1.996511748663983,0.25992435321956875,3.228912016181771,1.7365873954444153,0.9140271493212669,1.0,0.05405405405405406,221,0.02812664437050194,0.0058276209201001405,7.780569207771855,7.772641173171901,-0.007928034599953726,0.8636665927732212,0.8270169986045922,f83v,biological_balneological,831
357,0.5210084033613446,4.943977591036415,5.0,6.903119472730542,0.9156352380533008,-0.6377893429393595,3.8497628076593013,5.487421430276657,1.361427557062907,0.11977217501263446,2.8045200166192674,1.2416553820502745,0.9601449275362319,1.0,0.05042016806722689,276,0.005953429532258636,0.010679557267811668,8.202721542364003,8.227150356884321,0.0244288145203182,0.9083774272766397,0.9595333643563717,f84r,biological_balneological,840
333,0.4864864864864865,4.864864864864865,5.0,6.716480977035761,0.9150706042216294,-0.6774116618950268,3.8460609982935496,5.151404607764016,1.5059221262509723,0.22634429753909752,2.523595779068838,1.2795778287118738,0.9345454545454546,1.0,0.05105105105105105,275,0.011488773550841103,0.007188435034886309,8.005047730449082,8.088766215442877,0.08371848499379553,0.7981449494829993,0.8824236381279656,f84v,biological_balneological,841
339,0.7020648967551623,5.209439528023599,5.0,7.608774160934175,0.9637681817428151,-0.43237987095015684,4.429715345372614,6.156889305702551,2.175194648536374,0.37408807185098997,2.9056302290832123,1.8011065766853835,0.8819444444444444,0.9965277777777778,0.02654867256637168,288,5.551115123125783e-16,5.551115123125783e-16,8.234769618706743,8.243059092390952,0.008289473684209625,1.0827851811458369,1.0049067418933721,f85r1,unknown,850
156,0.7371794871794872,5.044871794871795,5.0,6.612199975217044,0.9659206172251836,-0.39753906640943837,3.949883886609489,5.702241141105823,2.4387725787975243,0.27404352733435416,2.4678557617266,2.1647290514631674,0.90625,1.0,0.05128205128205128,128,0.009224445647039281,0.0,7.008372244342053,7.032232806857461,0.023860562515408468,1.002302775241196,0.8908173667564108,f85r2,cosmological,850
279,0.7025089605734767,5.344086021505376,5.0,7.352538338945583,0.9655703880335983,-0.4307843379704544,4.19742814805946,5.982729571240631,2.0880792893960933,0.26831549345241174,2.9239582262573522,1.8197637959436812,0.9135802469135802,0.9958847736625515,0.03225806451612903,243,0.008154752307109936,0.04734357513555054,7.897014612650356,7.911559865744966,0.014545253094610189,0.9799351678773396,0.9266017001866058,f86v3,cosmological,861
186,0.7419354838709677,4.860215053763441,5.0,6.82601255888173,0.9602573080230375,-0.39229742713640436,4.274723947573744,5.615715138915865,2.2171532700952477,0.28437303352269033,2.287085816622787,1.9327802365725582,0.9037037037037037,0.9925925925925926,0.043010752688172046,135,0.0,0.0,7.445006680026512,7.459836636240957,0.014829956214445161,0.9779918830633187,0.8081689649153431,f86v4,cosmological,861
383,0.5900783289817232,4.738903394255875,5.0,7.370658977531285,0.9425179414634428,-0.5489623264155351,4.3833668691219945,5.504111837074109,2.3156541915611086,0.5357223464150636,2.558614059232245,1.7799318451460435,0.8376623376623377,0.9967532467532467,0.04699738903394256,308,0.011493131374690768,0.009554747329991176,8.355437638491054,8.40860345019566,0.05316581170460566,1.0680753181009714,0.9060114503816793,f86v5,unknown,861
480,0.5833333333333334,4.977083333333334,5.0,7.641133504228716,0.9399517138597911,-0.5591793693797399,4.233441997083184,6.1623514907956185,2.261793577649905,0.3877835866585445,3.115359411207847,1.8740099909913628,0.8766404199475065,0.994750656167979,0.03333333333333333,381,0.026569410642646174,0.006267743000374804,8.726354607972455,8.745236710275087,0.018882102302631765,0.9121210228869392,0.9873811230122607,f86v6,unknown,861
98,0.9081632653061225,5.510204081632653,5.0,6.4079275736408245,0.9895292389582728,-0.1823652512139581,4.305893069865095,5.2746884472642215,2.5844839451628605,0.47978052242837255,1.6986895626685106,2.104703422734488,0.8372093023255814,1.0,0.030612244897959183,86,0.008162653861965019,0.0,6.357552004618087,6.3575520046180864,-8.881784197001252e-16,0.9204499977766908,0.7998614958448753,f87r,herbal,870
86,0.9767441860465116,5.290697674418604,5.0,6.370975365142058,0.9966612957046452,-0.05428488638077086,4.548950911437245,5.30007513362161,2.8259156411548596,0.4704764302906559,1.433338326056082,2.355439210864204,0.8055555555555556,1.0,0.03488372093023256,72,0.0,0.0,6.129283016944973,6.129283016944973,0.0,0.7178250097796323,0.33176470588235296,f87v,herbal,871
146,0.7465753424657534,4.835616438356165,5.0,6.539182651621861,0.9661649768732307,-0.3885644343006064,3.792908420233567,5.0897496483633455,2.4509654361554056,0.650175002697217,2.1435975782230505,1.800790433458189,0.7563025210084033,0.9915966386554622,0.0410958904109589,119,-4.440892098500626e-16,0.006755263727487915,6.810707442248737,6.830054418335317,0.019346976086580092,0.9772027622930359,1.0222107247126646,f88r,pharmaceutical,880
143,0.8181818181818182,5.573426573426573,6.0,6.727183903345339,0.9791596484201281,-0.3050154103073197,3.674848994069437,5.756050982328768,2.3884894481781953,0.3477049798959107,2.688557697685533,2.0407844682822827,0.8828125,0.984375,0.03496503496503497,128,0.0,0.0,6.8201789624152065,6.81840905091078,-0.0017699115044260694,0.8596732664476606,0.8832612723903643,f88v,pharmaceutical,881
136,0.7720588235294118,5.036764705882353,5.0,6.425888073228,0.9570528894602658,-0.3485318926483817,3.5492148497891773,5.552157319878464,2.5930365679595804,0.3762188907750378,2.5661346371096654,2.216817677184543,0.8636363636363636,1.0,0.058823529411764705,110,-6.661338147750939e-16,0.011406248311012779,6.7681843247769145,6.760706363767343,-0.00747796100957121,0.9565654029625913,1.0398198958773042,f89r1,pharmaceutical,890
227,0.6607929515418502,5.1629955947136565,5.0,6.834602302425636,0.9454660014383066,-0.4737270168229174,3.8388231293358555,5.423123699379749,2.466389890624981,0.471593884788986,2.4960299291003025,1.9947960058359941,0.8324873096446701,0.9898477157360406,0.07929515418502203,197,0.010477358233247025,0.0031232308870196013,7.551006260065987,7.5574504530682525,0.006444193002265841,0.9718923421547329,0.8838425870883365,f89r2,pharmaceutical,890
151,0.8278145695364238,5.105960264900662,5.0,6.791320136647402,0.9749541270752761,-0.2870960992866872,3.965269430576792,5.617407254049619,2.305078888482756,0.3235715270063058,2.4820381892492036,1.9815073614764505,0.8818897637795275,1.0,0.052980132450331126,127,0.0,0.0,6.988684686772147,6.988369726142225,-0.00031496062992175666,1.0324884839383919,0.9319019806180051,f89v1,pharmaceutical,891
173,0.7514450867052023,4.838150289017341,5.0,6.76250145899606,0.9629944826372852,-0.3822279517749565,4.046062566128991,5.147273402021716,2.708395436852735,0.7582973197445254,2.19874874151442,1.950098117108211,0.75,0.9791666666666666,0.05202312138728324,144,-6.661338147750939e-16,0.00417541575439162,7.176125928743034,7.181331408195089,0.005205479452055073,1.0026032118501136,0.8074086947885889,f89v2,pharmaceutical,891
66,0.9696969696969697,5.363636363636363,5.0,5.983788058752401,0.9972980097920668,-0.07687368833554728,3.4842891386455808,5.153498133960925,2.668096887497104,0.5596533899771844,1.9998831479310561,2.1084434975199193,0.7627118644067796,0.9830508474576272,0.030303030303030304,59,0.0,0.0,5.832890014164737,5.832890014164736,-8.881784197001252e-16,0.9462424574876579,0.9500423370025401,f90r1,herbal,900
43,0.9069767441860465,4.906976744186046,5.0,5.2226627197680635,0.9881296642154718,-0.19237531718480855,3.636006945330954,4.454721860532484,2.665316418158466,0.11428571428571428,1.2431364286950555,2.551030703872753,0.9428571428571428,1.0,0.06976744186046512,35,0.0,0.0,5.209453365628954,5.209453365628954,0.0,1.0672991402312482,0.41379310344827586,f90r2,herbal,900
92,0.8586956521739131,5.141304347826087,5.0,6.208132064658612,0.9848267750197133,-0.2538947067554559,3.979830138947579,5.008045658809072,2.7476096919896325,0.40752345222426706,1.8607296784981204,2.3400862397653643,0.8533333333333334,1.0,0.03260869565217391,75,0.013340041326134977,-2.220446049250313e-16,6.315158644859922,6.338368521403131,0.023209876543209162,0.9567654123298639,1.1728546840422913,f90v1,herbal,901
61,0.9180327868852459,5.098360655737705,5.0,5.754427706379875,0.9908861751368597,-0.17143058908533987,3.637613260553315,4.514887016376774,2.7862271046088747,0.5101793271727079,1.570333371540915,2.276047777436168,0.8461538461538461,0.9807692307692307,0.04918032786885246,52,0.0,0.0,5.727920454563195,5.727920454563197,1.7763568394002505e-15,1.0667023125250636,0.9510869565217394,f90v2,herbal,901
137,0.8175182481751825,5.364963503649635,5.0,6.6708107325008,0.9799416673406633,-0.30462021851489807,3.9505128184422245,5.235878871281342,2.7737656821413617,0.5796744143481193,2.253460384581999,2.194091267793243,0.782608695652174,1.0,0.029197080291970802,115,0.011930661036580026,0.003370135000881902,6.714245517666113,6.71386456528516,-0.00038095238095259276,0.7665350315139787,0.7674714104193139,f93r,herbal,930
86,0.8488372093023255,5.372093023255814,5.0,6.0919055977001975,0.9841806564550616,-0.26723824989575057,3.931826972974562,5.301462154039803,2.5158833613887235,0.32513763241968147,1.9498357020488115,2.1907457289690417,0.8888888888888888,1.0,0.046511627906976744,72,0.0,0.015141338212453448,6.247927513443591,6.243716987127803,-0.004210526315788776,0.8961685547297784,0.6065857885615251,f93v,herbal,931
78,0.9358974358974359,5.0,5.0,6.157197090657127,0.9947288541197694,-0.1373974044927699,3.7230480858489385,5.02452117676708,2.04245237135689,0.33685259289707153,1.9901034380891718,1.7055997784598185,0.864406779661017,1.0,0.02564102564102564,59,0.0,0.017432406926636723,6.108524456778164,6.107944746633238,-0.0005797101449260822,1.1599170918367347,0.9227066060443968,f94r,herbal,940
95,0.8736842105263158,5.021052631578947,5.0,6.272332845104733,0.9838892625922957,-0.23355792052716265,3.9983221914384974,5.2529749751060875,1.888812147240116,0.13788317310465986,2.052917687596948,1.7509289741354555,0.9358974358974359,1.0,0.042105263157894736,78,0.011890908425879476,0.0,6.375039431346932,6.373111720503557,-0.0019277108433746193,0.9228047761780747,1.0771071978115918,f94v,herbal,941
103,0.7864077669902912,5.029126213592233,5.0,6.136296309095298,0.9678929795347352,-0.3476605846009616,3.266219854696238,5.142935063798849,1.8481487079383105,0.11457560246177033,2.5165152458226125,1.7335731054765413,0.9518072289156626,1.0,0.06796116504854369,83,-2.220446049250313e-16,-2.220446049250313e-16,6.523561956057027,6.506441328339165,-0.017120627717861936,0.8164782867340866,0.620231919438511,f95r1,herbal,950
77,0.7922077922077922,4.961038961038961,5.0,5.821790923727496,0.9816302075721061,-0.3270069644282178,3.3712441056504026,4.660227798033473,2.25600831144484,0.40744567616189253,1.993060756319997,1.8485626352829485,0.8507462686567164,1.0,0.03896103896103896,67,0.017432406926636723,0.0,6.02863931183858,6.083933429485638,0.05529411764705827,1.0681907765076863,0.7323545020343181,f95r2,herbal,950
114,0.8859649122807017,5.324561403508772,5.0,6.598198018531739,0.9909865488088623,-0.20832231645913185,4.013632560088644,5.6803835200586645,2.2947872302651793,0.17888389842976452,2.2974435043917016,2.1159033318354146,0.9393939393939394,0.98989898989899,0.02631578947368421,99,-2.220446049250313e-16,-2.220446049250313e-16,6.658211482751779,6.657815443147817,-0.00039603960396128457,0.871100445663353,0.6695938529088913,f95v1,herbal,951
58,0.9310344827586207,5.241379310344827,5.0,5.720049960644811,0.9939464426532125,-0.14710197576638429,3.661147631579379,4.868758439731455,1.7979773216579498,0.16980449991346125,1.7276108081520756,1.6281728217444877,0.94,1.0,0.034482758620689655,50,0.0,0.0,5.6724253419715005,5.672425341971501,8.881784197001252e-16,0.5922784439894706,0.9671694764862466,f95v2,herbal,951
81,0.9012345679012346,5.45679012345679,5.0,6.117627780662392,0.9883362157471732,-0.193782287978459,3.5360356817718777,5.123848320142541,2.3018291069454384,0.42884205086367894,2.187384696211351,1.8729870560817594,0.8529411764705882,1.0,0.04938271604938271,68,-2.220446049250313e-16,-2.220446049250313e-16,6.087462841250345,6.083933429485639,-0.003529411764706225,1.0440323502981783,0.8389082151458389,f96r,herbal,960
55,1.0,5.6909090909090905,6.0,5.7813597135246555,0.9999999999999992,0.0,4.4025690110927505,4.894974678246914,2.460855987935943,0.3149878224742448,1.1407268229617389,2.1458681654616987,0.875,1.0,0.01818181818181818,48,-2.220446049250313e-16,-2.220446049250313e-16,5.3923174227787625,5.3923174227787625,0.0,1.2041210560206057,2.2363636363636363,f96v,herbal,961
189,0.746031746031746,5.031746031746032,5.0,6.916655056861267,0.9687800697080726,-0.37819791197412284,4.358334714675204,5.692025109039234,2.435709623611605,0.37576072993242265,2.1976076296930303,2.0599488936791825,0.8757763975155279,1.0,0.042328042328042326,161,0.0036038389131097803,0.0018417452257392108,7.098032082960511,7.091680290989076,-0.006351791971435539,0.7983463709278146,0.7393423491453285,f99r,pharmaceutical,990
175,0.7942857142857143,5.2,5.0,6.930676346519165,0.9735543918286267,-0.33168927318609426,3.756876593850051,5.84711715901307,2.24650647949614,0.2648379588527502,2.8139472357790343,1.9816685206433895,0.9060402684563759,1.0,0.02857142857142857,149,0.00963883438555313,0.004412740049396846,7.018155825964931,7.027010787796994,0.008854961832062358,0.8950149322306455,0.8197298057979172,f99v,unknown,991
109,0.8348623853211009,5.495412844036697,5.0,6.373509554055325,0.9793655003626126,-0.2824435221585012,3.8359680958346343,5.175524193542758,2.6099394045330846,0.45371829440617584,2.080844354419391,2.156221110126908,0.8421052631578947,1.0,0.05504587155963303,95,-6.661338147750939e-16,-6.661338147750939e-16,6.333161760715649,6.348587397910242,0.015425637194592667,0.8556477465585519,0.9756392431844286,f100r,pharmaceutical,1000
91,0.8901098901098901,5.263736263736264,5.0,6.2494454643269775,0.9857402716915207,-0.21006998086886225,3.4191946669387248,5.2941390992717725,2.3616795250182165,0.5536258504297492,2.251278276861453,1.8080536745884692,0.8051948051948052,0.974025974025974,0.04395604395604396,77,5.551115123125783e-16,5.551115123125783e-16,6.108524456778164,6.10736503648831,-0.0011594202898539407,0.7629764537530896,0.7755406413124533,f100v,pharmaceutical,1001
217,0.6405529953917051,4.723502304147465,5.0,6.67793638132477,0.9380519255752146,-0.506913560058183,3.8899579209667827,4.949485691598995,2.281592370019512,0.4420467908777067,2.2777342789047754,1.8395455791418067,0.8614457831325302,1.0,0.055299539170506916,166,0.015141338212453448,0.0,7.674163286001713,7.669040624165128,-0.005122661836584719,0.9672089876325642,0.9174108994387148,f101r,pharmaceutical,1010
210,0.7476190476190476,4.804761904761905,5.0,7.03421096534318,0.9643011209886388,-0.38432369051442966,4.2398869189458015,5.2463195775413585,2.6820506091435594,0.6348554717588412,2.2780400464764026,2.0471951373847177,0.7941176470588235,0.9882352941176471,0.04285714285714286,170,-4.440892098500626e-16,0.003987718221683645,7.507794640198715,7.500761673165747,-0.007032967032968074,0.7452177113884371,0.8679893170545596,f101v,pharmaceutical,1011
105,0.8761904761904762,5.695238095238095,6.0,6.42134182716932,0.9843306264926658,-0.22926308802673023,4.215214376415865,5.596840423815918,2.3076205277797905,0.2677085922075074,1.9565592320694072,2.039911935572283,0.9130434782608695,1.0,0.0380952380952381,92,0.007546054393297252,-2.220446049250313e-16,6.459431618637305,6.459431618637305,0.0,0.907788127652538,0.8299554114308879,f102r1,pharmaceutical,1020
137,0.7737226277372263,4.890510948905109,5.0,6.574131079231922,0.9771416180720494,-0.3486080159474242,4.3660288417670525,5.09941752082631,2.4638575248837564,0.4736930531576916,1.8154221595622642,1.9901644717260647,0.8378378378378378,0.9819819819819819,0.043795620437956206,111,0.005417389673877948,0.005417389673877948,6.84549005094439,6.839924833553084,-0.005565217391305666,1.0031961074273719,0.971997006361482,f102r2,pharmaceutical,1020
129,0.7984496124031008,5.0852713178294575,5.0,6.520651964608168,0.9751965079639474,-0.3305590532210847,3.965597046544789,5.166817380906852,2.1060245753730054,0.3216306398331888,2.023608667227864,1.7843939355398162,0.8867924528301887,1.0,0.046511627906976744,106,0.004848565993403109,0.009224445647039281,6.714245517666113,6.711959803380398,-0.0022857142857146684,1.0448970145799583,1.085921127833873,f102v1,pharmaceutical,1021
175,0.8,4.742857142857143,5.0,6.967376629186273,0.9772899480391124,-0.3225663737561293,3.871629015329268,4.916809717693704,2.34744039990876,0.7137450031016221,2.3350477911081287,1.633695396807139,0.7761194029850746,0.9776119402985075,0.04,134,0.005109029194196868,3.3306690738754696e-16,7.072756958897386,7.075770227279104,0.003013268381717893,1.0722193519816956,1.045517529870062,f102v2,pharmaceutical,1021
526,0.5532319391634981,5.197718631178708,5.0,7.598917122538656,0.9284096341336064,-0.5813688914763231,3.6903997176885066,6.006014690484591,1.7847363739949855,0.28377454268854846,3.4798120602541,1.5009618313064326,0.928416485900217,0.9934924078091106,0.051330798479087454,461,0.010614756617966625,0.005050564651271738,8.81324710126406,8.856597220592004,0.043350119327943304,1.0354801746652766,0.9726418775051744,f103r,recipes_stars,1030
441,0.528344671201814,4.981859410430839,5.0,7.369974103807137,0.9371566196734691,-0.6170935053056077,3.9583467007680255,5.700438203871481,1.7683912555870993,0.28973711901473137,3.0207967352866856,1.47865413657237,0.9197860962566845,0.9919786096256684,0.034013605442176874,374,0.050033000437299635,0.010956162896413102,8.57316482407169,8.604720016481574,0.03155519240988447,0.9564338667665584,0.8633037813686518,f103v,recipes_stars,1031
434,0.716589861751152,5.502304147465438,6.0,7.98212834302579,0.9639354312062303,-0.4118139907378916,3.984382556416504,6.58485040396479,2.472642048438279,0.4873299466363508,3.591190093476959,1.9853121018019289,0.8386243386243386,1.0,0.02304147465437788,378,0.009378701890700891,0.0022022378137359633,8.575978819273779,8.594294222878093,0.01831540360431383,1.025634287666373,0.9049054952581164,f104r,recipes_stars,1040
461,0.6529284164859002,5.40997830802603,5.0,7.893163773368575,0.9586505186349449,-0.4799720118018044,3.7788792858448095,6.3973843854906125,2.4302348184572673,0.530042469899212,3.670682893337054,1.9001923485580565,0.8295165394402035,0.9923664122137404,0.028199566160520606,393,0.004412740049396846,0.006436525919804481,8.67992275809691,8.697056816250283,0.0171340581533741,0.901274869356117,0.865672153551127,f104v,recipes_stars,1041
373,0.7158176943699732,5.18230563002681,5.0,7.791243894083019,0.9665721123972326,-0.41114453246185895,4.666799818229469,6.049092873956911,2.1261061254341866,0.4264302376645321,2.78768784343927,1.6996758877696578,0.867741935483871,0.9935483870967742,0.02680965147453083,310,0.0054467182512306644,0.005446718251230442,8.374460279921674,8.388745994207389,0.014285714285714235,0.8692110179395532,0.893905977945444,f105r,recipes_stars,1050
386,0.7124352331606217,5.215025906735751,5.0,7.7395706488883445,0.9551148659503242,-0.4103263622945768,4.706648275866396,5.934397415110367,2.622918296842813,0.6467340133692451,2.619213467414105,1.976184283473568,0.7919254658385093,0.984472049689441,0.03367875647668394,322,0.005272928695456036,0.002717642358819994,8.429280026014961,8.433086612227825,0.003806586212864005,1.1209069946195234,0.8713051859691562,f105v,recipes_stars,1051
430,0.7023255813953488,5.523255813953488,6.0,7.9267682711383625,0.9621727169218629,-0.42614082694147776,4.241917786561582,6.50353152874583,2.480271447715851,0.4578697064513921,3.3673299125620697,2.022401741264462,0.8463541666666666,0.9895833333333334,0.030232558139534883,384,0.004073420617479395,-4.440892098500626e-16,8.575978649810036,8.576252546024023,0.0002738962139865464,0.9041959526777985,0.9676289033071896,f106r,recipes_stars,1060
445,0.701123595505618,5.292134831460674,5.0,7.988583311460385,0.9641756791569953,-0.42779284995388694,4.244597590764064,6.405662008618521,2.3654559941475832,0.46329866000309206,3.320978161551891,1.9021573341444906,0.8493506493506493,0.9948051948051948,0.02247191011235955,385,0.004073420617479395,0.002086750535330806,8.616524118031109,8.632265078458135,0.015740960427025996,0.897442143727162,0.887604494948149,f106v,recipes_stars,1061
474,0.6540084388185654,5.229957805907173,5.0,7.908520417282852,0.9555825927704616,-0.4778532067137366,4.351077596742619,6.140845678521674,2.263117247795586,0.44009651195377114,3.1573437827813744,1.823020735841814,0.8669950738916257,0.9950738916256158,0.02531645569620253,406,0.0036895717263896177,0.0070259484268382355,8.700873191181389,8.715400146855044,0.014526955673655806,0.9008034693559901,0.8607685021375124,f107r,recipes_stars,1070
449,0.5657015590200446,5.2383073496659245,5.0,7.535631552359188,0.943288144146789,-0.5804321077154004,4.064845163139374,5.750578437249839,2.0609281137422117,0.3785134467278336,3.0481854041598035,1.682414667014383,0.889168765743073,1.0,0.026726057906458798,397,0.0145999809722549,0.008939283534305065,8.623856189774749,8.632618445399642,0.008762255624892745,0.9396759329933362,0.902306565330598,f107v,recipes_stars,1071
485,0.5711340206185567,5.323711340206185,5.0,7.525665125869538,0.9275208617497883,-0.5713696727564698,3.9003537686642553,5.804135520866467,2.0648638522018308,0.42016023141192144,3.272580360499817,1.6447036207899064,0.8761261261261262,1.0,0.032989690721649485,444,0.005532841894072438,0.007188435034886309,8.718894579241798,8.739833961999027,0.02093938275722884,1.0173069448784093,0.9056717247537972,f108r,recipes_stars,1080
567,0.5167548500881834,5.342151675485009,5.0,7.498086831497423,0.9149858824000529,-0.6298799330272202,3.9349164659142506,5.712075778479612,2.150379716383813,0.4697136550746489,3.0858920340575207,1.6806660613091668,0.87,0.984,0.04938271604938271,500,0.06225372752392888,0.012120906455913127,8.928562991850646,8.951814475145845,0.02325148329519955,0.9832768839966127,0.9153711705812094,f108v,recipes_stars,1081
599,0.5809682804674458,5.382303839732888,5.0,7.865901445795483,0.9316539249212116,-0.5510436305165252,4.015443949404898,5.997293494296827,2.145327317337239,0.4977983427181643,3.393138028050856,1.6475289746190744,0.874274661508704,0.9845261121856866,0.035058430717863104,517,0.03171628145407568,0.005050564651271627,9.060754621499202,9.071697243975233,0.010942622476031616,0.9749095621560937,0.8962421377522087,f111r,recipes_stars,1110
544,0.5496323529411765,5.202205882352941,5.0,7.643843577698927,0.9294554987361737,-0.5882319104673203,3.752103209475225,5.865668196680905,2.1566402104814113,0.4229229317240976,3.3685255629169566,1.733717278757312,0.8768577494692145,0.9915074309978769,0.04411764705882353,471,0.008547934436815452,0.011227675489138389,8.859714297825223,8.918370310513854,0.05865601268863152,0.9624918269065322,0.8845901071412194,f111v,recipes_stars,1111
390,0.6461538461538462,4.987179487179487,5.0,7.607780013702414,0.9536809647723394,-0.4904456690623858,4.142650004963132,5.889015786595906,2.0347018750837638,0.39914071906402165,3.0774080086947966,1.6355611560197432,0.878125,0.996875,0.028205128205128206,320,0.023703381077774033,0.0022022378137359633,8.41885834876693,8.424379804563909,0.005521455796978714,0.9156937832458415,0.8501208557955113,f112r,recipes_stars,1120
411,0.6180048661800487,5.335766423357664,5.0,7.622957412322936,0.9542193378773844,-0.5190158641137528,3.982595516646686,6.055239591329712,2.177385122540797,0.3054285767667049,3.377808207949662,1.8719565457740888,0.8938547486033519,0.9916201117318436,0.029197080291970802,358,0.020249197885282122,0.015561691935155553,8.491311123715176,8.49885206396231,0.0075409402471340314,0.940397687782882,0.8982154817087538,f112v,recipes_stars,1121
514,0.708171206225681,5.529182879377432,6.0,8.207682429040926,0.9647250287707037,-0.4187313117708717,4.1931470336039816,6.514133065667928,2.4374574059766765,0.5376526565478319,3.5781445748485474,1.8998047494288475,0.8144104803493449,0.9868995633187773,0.027237354085603113,458,0.0018863935790963682,0.009964190783217752,8.82895045669435,8.850375942655473,0.021425485961122703,0.8971267529218504,0.9472206864287843,f113r,recipes_stars,1130
489,0.6339468302658486,5.124744376278119,5.0,7.797476994256946,0.9421652711367825,-0.49845078251314345,4.337840039226583,6.109224074682138,2.4541685515331615,0.5008326583578876,3.063594308601574,1.9533358931752782,0.8465346534653465,0.995049504950495,0.03885480572597137,404,0.02934985964183623,0.005666830893300112,8.743280423747056,8.765321845909392,0.022041422162336843,0.9196453754735823,0.9349384809652294,f113v,recipes_stars,1131
450,0.6977777777777778,5.473333333333334,5.0,7.99290306349361,0.9636248968419281,-0.43085750389408706,4.291766476664068,6.17100385142822,2.4936662285260893,0.5626396150384937,3.2616462843781786,1.9310266134875969,0.8086734693877551,0.9846938775510204,0.024444444444444446,392,0.004294030666513793,0.0022022378137359633,8.65190155456207,8.6573336533275,0.005432098765430382,0.9240056320935985,0.902882731598097,f114r,recipes_stars,1140
363,0.721763085399449,5.702479338842975,6.0,7.7666246705854585,0.9667889602102452,-0.4066483238882794,3.7847293654666734,6.434333622015128,2.4045384250977087,0.40000561871140694,3.589183711076038,2.004532806386298,0.8632218844984803,1.0,0.024793388429752067,329,0.002472145027062389,0.004807806256113767,8.318494517866217,8.328261295039995,0.009766777173778607,0.9245989098890636,0.8481808596794157,f114v,recipes_stars,1141
449,0.6770601336302895,5.383073496659243,5.0,7.8890904818136915,0.9564936729808776,-0.45781974069605413,3.7502069106759928,6.53790831082574,2.43886824687445,0.498940818676787,3.6824148540472925,1.939927428197659,0.8507853403141361,0.9790575916230366,0.024498886414253896,382,0.019195403065053296,3.3306690738754696e-16,8.638409502553738,8.65292658733086,0.01451708477712188,0.9707808825820237,1.0128146164182201,f115r,recipes_stars,1150
403,0.7741935483870968,5.4987593052109185,5.0,8.109666031151354,0.9787896612537627,-0.34547718713587205,4.307644011418084,6.549874977551859,2.4954153424455185,0.5386690105220685,3.4341558335404225,1.9567463319234517,0.8314285714285714,0.9771428571428571,0.01488833746898263,350,0.0022022378137359633,0.01124617434233166,8.478229185085485,8.48202806776705,0.003798882681564919,1.0535475449989526,0.9250944809209495,f115v,recipes_stars,1151
532,0.5056390977443609,4.701127819548872,5.0,7.479759375736842,0.9266919722546584,-0.6494266827336291,4.0872002581409985,5.505622630504515,2.0038873103907697,0.40452749735163934,2.8583094557318915,1.5993598130391296,0.8875598086124402,0.9904306220095693,0.03383458646616541,418,0.02218592641754491,0.008250909863893319,8.828335627719195,8.88557382741149,0.0572381996922946,0.9436040271886338,0.8846319066371658,f116r,recipes_stars,1160
2,1.0,4.5,4.5,1.0,1.0,0.0,1.0,1.0,1.0,0.0,0.0,1.0,1.0,1.0,0.5,2,1.0,1.0,0.0,0.0,0.0,,,f116v,unknown,1161
522,0.6704980842911877,4.814176245210728,5.0,8.043072655614056,0.9517065127332047,-0.4555029772666581,4.3497784598580465,6.157231071483763,2.7837413183006077,0.6916956856344494,3.2717329902241685,2.0920456326661565,0.7828282828282829,0.9722222222222222,0.03065134099616858,396,0.008707317525192937,0.011130654706443588,8.445951480993891,8.48169509564601,0.035743614652119504,0.9629458008436663,0.9818091615677196,fRos,unknown,10000000000
